City_ID,City,Country,Max Temp,Current Description,Lat,Lng,Hotel Name
0,Tuatapere,NZ,52.83,overcast clouds,-46.1333,167.6833,Ron and Tony's Bed & Breakfast
1,Touros,BR,77.9,overcast clouds,-5.1989,-35.4608,INN NEW HORIZON
4,Ushuaia,AR,47.86,scattered clouds,-54.8,-68.3,Albatross Hotel
7,Mount Gambier,AU,69.17,clear sky,-37.8333,140.7667,The Commodore
10,Lagoa,PT,60.01,overcast clouds,39.05,-27.9833,Casa Das Faias
11,Sao Joao Da Barra,BR,71.8,overcast clouds,-21.6403,-41.0511,Pousada Porto De Canoas
14,Iguape,BR,73.81,broken clouds,-24.7081,-47.5553,Hotel Pousada Nossa Senhora do Carmo
17,Mataura,NZ,52.48,overcast clouds,-46.1927,168.8643,Ellie's Villa
18,Port Lincoln,AU,72.23,clear sky,-34.7333,135.8667,Port Lincoln Hotel
21,Gombe,NG,75.42,overcast clouds,10.2897,11.1673,Shinani Lodge
22,Codrington,AU,68.04,clear sky,-38.2667,141.9667,Codrington Gardens Bed And Breakfast
25,Atuona,PF,77.47,light rain,-9.8,-139.0333,Villa Enata
27,Lang Son,VN,53.2,overcast clouds,21.8333,106.7333,Khai Nga Hotel
28,Albany,US,49.8,overcast clouds,42.6001,-73.9662,
31,Rikitea,PF,78.8,light rain,-23.1203,-134.9692,People ThankYou
34,San Felipe,VE,70.66,overcast clouds,10.3399,-68.7425,Posada Llovizna Rodr√≠guez
36,Hilo,US,67.8,clear sky,19.7297,-155.09,Hilo Hawaiian Hotel
38,Sacama,EC,49.48,light rain,-3.9,-79.2667,Pachito Cuenca
39,Rancho Palos Verdes,US,73.22,clear sky,33.7445,-118.387,Terranea Resort
40,Airai,TL,66.4,overcast clouds,-8.9266,125.4092,
42,Vaini,TO,78.96,few clouds,-21.2,-175.2,Keleti Beach Resort
43,Iberia,US,48.97,mist,29.9502,-91.7507,back to back rv park
45,Pisco,PE,68.05,overcast clouds,-13.7,-76.2167,Hotel San Isidro Oficial
47,Punta Arenas,CL,53.71,broken clouds,-53.15,-70.9167,Hotel Hain
48,New Norfolk,AU,64.65,broken clouds,-42.7826,147.0587,The Shingles Riverside Cottages
49,Kilimatinde,TZ,79.12,light rain,-5.85,34.95,
51,Puerto Carreno,CO,78.76,overcast clouds,6.189,-67.4859,Casa Hotel Victoria
52,Constitucion,CL,59.94,clear sky,-35.3333,-72.4167,Hotel Boutique Las Azucenas
53,Kapaa,US,70.12,broken clouds,22.0752,-159.319,Sheraton Kauai Coconut Beach Resort
55,Riyadh,SA,62.74,scattered clouds,24.6877,46.7219,"InterContinental Riyadh, an IHG Hotel"
56,Bethel,US,50.34,overcast clouds,41.3712,-73.414,Courtyard by Marriott Danbury
58,Hasaki,JP,43.2,overcast clouds,35.7333,140.8333,Hotel Sunrise Choshi
59,Ancud,CL,54.93,broken clouds,-41.8697,-73.8203,Hotel Arena Gruesa
60,Busselton,AU,76.08,clear sky,-33.65,115.3333,Observatory Guest House
62,Coquimbo,CL,60.53,clear sky,-29.9533,-71.3436,Hostel Del Puerto
63,Hobart,AU,65.01,broken clouds,-42.8794,147.3294,Mantra on Collins Hobart
64,Topolobampo,MX,57.58,clear sky,25.6,-109.05,Hotel Marina Topolobampo
66,Chuy,UY,68.16,overcast clouds,-33.6971,-53.4616,Nuevo Hotel Plaza
67,Kaitangata,NZ,52.93,overcast clouds,-46.2817,169.8464,Kaitangata Motor Camp
68,Bluff,NZ,52.81,overcast clouds,-46.6,168.3333,Bluff Homestead - Guesthouse & Campervan Park
77,Itoman,JP,71.62,light intensity drizzle,26.1247,127.6694,Southern Beach Hotel & Resort Okinawa
78,Lebu,CL,56.08,clear sky,-37.6167,-73.65,Hostal Las Lilas
82,Kieta,PG,78.55,moderate rain,-6.2167,155.6333,Uruna Bay Retreat
83,Katsuura,JP,46.51,broken clouds,35.1333,140.3,Katsuura Hotel Mikazuki
84,Namatanai,PG,79.21,light rain,-3.6667,152.4333,Seagulls Inn Namatani
85,Ponta Do Sol,PT,64.13,clear sky,32.6667,-17.1,Hotel do Campo
88,Tateyama,JP,46.42,broken clouds,34.9833,139.8667,Tateyama Seaside Hotel
91,Ribeira Grande,PT,61.2,few clouds,38.5167,-28.7,Quinta da Meia Eira
94,Taltal,CL,65.88,few clouds,-25.4,-70.4833,Residencial Karime
96,Samfya,ZM,72.05,overcast clouds,-11.3649,29.5565,Chita Lodge Samfya
97,Launceston,AU,65.84,broken clouds,-41.45,147.1667,Hotel Grand Chancellor Launceston
98,Mar Del Plata,AR,62.1,scattered clouds,-38.0023,-57.5575,Gran Hotel Mar del Plata
100,Pauini,BR,72.1,overcast clouds,-7.7136,-66.9764,Casa do Kiwliks
103,Cidreira,BR,72.0,clear sky,-30.1811,-50.2056,Hotel Castelo
105,Nabire,ID,78.15,light rain,-3.3667,135.4833,Hotel Nusantara Nabire
109,Castro,BR,57.38,broken clouds,-24.7911,-50.0119,CHACARA BAILLY
114,Rimini,IT,49.5,broken clouds,44.0241,12.5186,La combriccola B&B
115,Victoria,HK,71.96,scattered clouds,22.2855,114.1577,Mini Hotel Central
118,Sola,VU,77.9,overcast clouds,-13.8833,167.55,Leumerus Bungalows
119,Lago Da Pedra,BR,71.64,overcast clouds,-4.3333,-45.1667,
120,Ulladulla,AU,67.1,overcast clouds,-35.35,150.4667,Sandpiper Motel
121,Santa Lucia,ES,60.12,few clouds,27.9117,-15.5407,Las Tirajanas
122,Talcahuano,CL,53.28,clear sky,-36.7167,-73.1167,departamento comodo
124,Oswego,US,43.02,overcast clouds,43.4501,-76.1497,S & E Mobile Home Park
125,Barra Do Garcas,BR,68.81,broken clouds,-15.89,-52.2567,Pousada Tropical
129,Redlands,US,70.97,clear sky,34.0556,-117.1825,Dynasty Suites Redlands
130,Dingle,PH,79.36,overcast clouds,10.9995,122.6711,SEGAYA PROPERTY
133,Artyom,AZ,51.94,scattered clouds,40.4723,50.333,Merdan Respect
135,Guerrero Negro,MX,61.18,clear sky,27.9769,-114.0611,"Casa Laguna, Bed & Breakfast"
136,Majene,ID,77.72,moderate rain,-3.5403,118.9707,Kost Putri RABBANI
137,Biggar,GB,46.54,overcast clouds,55.6167,-3.5167,The Mill Bed and Breakfast
139,Amapa,BR,71.55,overcast clouds,1.0,-52.0,
144,Westport,US,51.62,clear sky,41.1415,-73.3579,The Westport Inn
145,La Romana,DO,76.73,clear sky,18.4273,-68.9728,Casa de Campo Resort and Villas
148,Yeppoon,AU,78.58,clear sky,-23.1333,150.7333,Villa Mar Colina
151,Havelock,US,57.92,few clouds,34.8791,-76.9013,Sherwood Motel
153,Santa Vitoria Do Palmar,BR,68.32,broken clouds,-33.5189,-53.3681,Hostel Comodoro
156,Buenos Aires,AR,58.95,broken clouds,-34.6132,-58.3772,Hotel NH Buenos Aires City
157,Huaibei,CN,49.86,light rain,33.9744,116.7917,Jinjiang Hotel
158,Vanimo,PG,79.52,overcast clouds,-2.6741,141.3028,Vahmoneh Lodge Vanimo
159,Taoudenni,ML,62.98,scattered clouds,22.6783,-3.9836,
160,Phultala,BD,77.2,clear sky,22.7,89.5167,‡¶ï‡¶ø‡¶∏‡¶Æ‡¶§ ‡¶´‡ßÅ‡¶≤‡¶§‡¶≤‡¶æ
161,Khair,IN,71.76,clear sky,27.95,77.8333,‡§Æ‡•Å‡§Ç‡§¨‡§à ‡§ö‡•å‡§™‡§æ‡§ü‡•Ä
163,La Asuncion,VE,74.82,scattered clouds,11.0333,-63.8628,Colinas de Matasiete
165,Rio Grande,BR,75.31,broken clouds,-32.035,-52.0986,Hotel Atl√¢ntico Rio Grande
166,Barstow,US,61.54,clear sky,34.8986,-117.0228,"Motel 6 Barstow, CA"
169,Formosa,AR,73.38,clear sky,-26.1775,-58.1781,Hotel Portal del Sol
171,Mayo,US,55.81,clear sky,38.8876,-76.5119,Resorts Resource Group International
172,Vila Do Maio,CV,74.19,overcast clouds,15.1333,-23.2167,Hotel Marilu
173,Arraial Do Cabo,BR,73.26,broken clouds,-22.9661,-42.0278,Pousada Porto Praia
175,Presidencia Roque Saenz Pena,AR,72.57,scattered clouds,-26.7852,-60.4388,Hotel Gualok
176,Cayenne,GF,75.09,broken clouds,4.9333,-52.3333,H√¥tel Le Dronmi
177,Pacific Grove,US,61.16,clear sky,36.6177,-121.9166,Lovers Point Inn
178,Rajgarh,IN,75.43,clear sky,28.6333,75.3833,Nand Plaza Hotel & Bar
180,Puerto Ayora,EC,71.55,overcast clouds,-0.7393,-90.3518,Finch Bay Galapagos Hotel
181,Atambua,ID,78.75,overcast clouds,-9.1061,124.8925,Pastori 1 Jemaat Polycarpus
182,Bereda,ES,49.41,broken clouds,43.2686,-7.5406,Pazo de Verdes
184,Filingue,NE,76.57,clear sky,14.3521,3.3168,
186,Springbok,ZA,73.02,light rain,-29.6643,17.8865,Undulata Country Lodge
188,Port Hawkesbury,CA,43.18,overcast clouds,45.6169,-61.3485,MacKenzie House Tourist Home B&B
189,Neropolis,BR,67.08,overcast clouds,-16.4064,-49.2186,Pousada Recanto do Cerrado
190,Inirida,CO,72.18,overcast clouds,3.8653,-67.9239,Fuente del Guania Hotel de Lujo
191,Fereydun Kenar,IR,50.92,scattered clouds,36.6864,52.5225,Khezer Shahr Tourist Hotel
194,Skibbereen,IE,48.0,overcast clouds,51.55,-9.2667,The West Cork Hotel
196,Bathsheba,BB,74.01,scattered clouds,13.2167,-59.5167,Atlantis Hotel
197,Lingao,CN,72.19,broken clouds,19.9103,109.6859,Lingao Ditai Inn
199,Ballina,AU,71.78,overcast clouds,-28.8667,153.5667,Ramada Hotel & Suites by Wyndham Ballina Byron
204,Tautira,PF,75.22,overcast clouds,-17.7333,-149.15,Pension Oaoa
206,Porto Belo,BR,74.25,few clouds,-27.1578,-48.5531,Costa Verde Beach Hotel
207,Makakilo City,US,72.28,clear sky,21.3469,-158.0858,Marriott's Ko Olina Beach Club
208,Sitka,US,44.49,moderate rain,57.0531,-135.33,Westmark Sitka
210,Fortuna,US,49.12,clear sky,40.5982,-124.1573,Super 8 by Wyndham Fortuna
213,Khumalag,RU,50.77,clear sky,43.2403,44.4752,–ú–∏–Ω–∏-–æ—Ç–µ–ª—å Motel
215,Bodden Town,KY,77.94,clear sky,19.2833,-81.25,Will T Place
216,Graham,US,42.91,light intensity drizzle,47.0529,-122.2943,Moxie Meadows Hostel
219,Kamina,CD,78.19,broken clouds,-8.7386,24.9906,Guest House Florvia
222,Horsham,GB,45.12,scattered clouds,51.064,-0.3272,Springfields Hotel
223,Balsas,BR,70.66,scattered clouds,-7.5325,-46.0356,Novo Hotel
225,Praia Da Vitoria,PT,54.75,overcast clouds,38.7333,-27.0667,Hotel Branco I
228,Xinpu,CN,44.74,overcast clouds,34.5997,119.1594,Pattaya Leisure Hotel
232,Tolaga Bay,NZ,75.11,broken clouds,-38.3667,178.3,Tolaga Bay Motel
233,Sisauli,IN,72.16,clear sky,29.4167,77.4667,Ch. Karan Singh
234,Tazmalt,DZ,50.2,overcast clouds,36.3868,4.3989,H√¥tel Num√©dia
238,Avarua,CK,75.25,broken clouds,-21.2078,-159.775,Paradise Inn
239,Camopi,GF,70.47,overcast clouds,3.1655,-52.3158,La pousada
240,Monrovia,LR,78.57,scattered clouds,6.3005,-10.7969,Sunset Inn
241,Milos,GR,56.12,overcast clouds,36.75,24.4333,ŒûŒµŒΩŒøŒ¥ŒøœáŒµŒØŒø ŒëŒ≥ŒΩŒ¨ŒΩœÑŒπ
246,Constantine,DZ,45.81,scattered clouds,36.365,6.6147,Grand Hotel Cirta
252,Vila Velha,BR,73.35,broken clouds,-20.3297,-40.2925,Quality Suites Vila Velha
257,Tianpeng,CN,48.45,overcast clouds,30.9866,103.9393,Shuangliu Love Home Business Hotel
258,Yashalta,RU,45.3,broken clouds,46.3395,42.2762,
261,Novyy Chirkey,RU,51.58,clear sky,43.162,47.0559,
262,Coihueco,CL,50.74,clear sky,-36.6167,-71.8333,Frutillares Centro Coihueco
264,Farah,AF,59.02,clear sky,32.5,62.5,
265,Nantucket,US,51.26,clear sky,41.2835,-70.0995,Jared Coffin House
266,Lunsar,SL,77.32,overcast clouds,8.6833,-12.5333,C S E Compound
267,Koungheul,SN,72.86,clear sky,13.9833,-14.8,
268,Port Elizabeth,ZA,78.76,clear sky,-33.918,25.5701,39 On Nile Guest House
269,Laguna,US,63.1,clear sky,38.421,-121.4238,"Holiday Inn Express & Suites Elk Grove Central - Hwy 99, an IHG Hotel"
270,Mbouda,CM,78.85,scattered clouds,5.6258,10.2552,H√¥tel la Diff√©rence
272,Komsomolskiy,UZ,42.15,light rain,40.4272,71.7189,Ikathouse
274,Sao Gabriel Da Cachoeira,BR,70.77,light rain,-0.1303,-67.0892,Alarne - √Årea De Lazer Do Alto Rio Negro
275,Zhanaozen,KZ,42.6,overcast clouds,43.3,52.8,K.korabay 28A
277,Sabha,LY,56.3,clear sky,27.0377,14.4283,Foundation Taaj Asala for Historical Research and Archeology
282,Bellavista,PE,69.26,overcast clouds,-7.0561,-76.5911,Hospedaje Bella Durmiente
284,San Patricio,US,62.89,clear sky,28.017,-97.5169,"Motel 6 Sinton, TX"
285,Casale Monferrato,IT,48.34,overcast clouds,45.1334,8.4571,Hotel Candiani
289,Cururupu,BR,74.32,overcast clouds,-1.8283,-44.8683,POUSADA TRAV√âS'CIA
292,Nchelenge,ZM,72.68,overcast clouds,-9.3451,28.734,KD Travellers Home
293,Sangin,AF,61.86,clear sky,32.0728,64.8359,
298,Carlsbad,US,72.09,clear sky,33.1581,-117.3506,Carlsbad Inn Beach Resort
299,Bantou,CN,60.19,overcast clouds,26.2151,117.4893,
300,Khani,GE,44.17,scattered clouds,41.9563,42.9566,·Éô·É£·É†·Éù·É†·É¢·Éò ·Éñ·Éî·Éô·Éê·É†·Éò/Resort Zekari
302,San Anselmo,US,63.46,broken clouds,37.9747,-122.5616,Four Points by Sheraton San Rafael Marin County
303,Goure,NE,73.02,clear sky,13.9835,10.2704,
305,Luganville,VU,79.45,overcast clouds,-15.5333,167.1667,The Espiritu Hotel
306,Seoul,KR,47.59,overcast clouds,37.5683,126.9778,LOTTE Hotel Seoul
308,Fuyang,CN,41.94,light rain,32.9,115.8167,Fuyang Wanda Realm Hotel
311,Esperance,AU,69.19,broken clouds,-33.8667,121.9,Hospitality Esperance
312,Ixtapa,MX,64.22,few clouds,20.7,-105.2,Hotel Plaza Providencia
316,Los Llanos De Aridane,ES,62.35,broken clouds,28.6585,-17.9182,Valle Aridane
317,Tura,IN,71.53,clear sky,25.5198,90.2201,Hotel RIKMAN Continental
318,Lazaro Cardenas,MX,72.0,overcast clouds,17.9583,-102.2,Baymont by Wyndham Lazaro Cardenas
320,Aripuana,BR,71.92,overcast clouds,-9.1667,-60.6333,
321,Safford,US,47.32,clear sky,32.834,-109.7076,SpringHill Suites by Marriott Thatcher
323,Namikupa,TZ,79.59,light rain,-10.8333,39.6,
326,Bubaque,GW,77.2,clear sky,11.2833,-15.8333,"Casa Dora, Bubaque"
328,Juarez,MX,53.83,clear sky,31.7333,-106.4833,Hotel Santa Fe
331,Necochea,AR,55.04,clear sky,-38.5473,-58.7368,dyd -mar Hotel
333,Skerries,IE,52.5,overcast clouds,53.5828,-6.1083,The Redbank Guesthouse
336,Salinas,US,61.57,clear sky,36.6777,-121.6555,Laurel Inn & Conference Center
338,Sao Marcos,BR,63.72,clear sky,-28.9711,-51.0681,Hotel S√£o Marcos
339,Te Anau,NZ,47.95,overcast clouds,-45.4167,167.7167,Kingsgate Hotel Te Anau
340,Pacifica,US,63.45,clear sky,37.6138,-122.4869,"Pacifica Lighthouse, Trademark Collection by Wyndham"
344,Dulce Grande,MX,43.14,clear sky,23.0,-102.1667,
348,Gigmoto,PH,75.25,moderate rain,13.7796,124.39,Cj's Travellers Inn
350,Tezu,IN,69.4,broken clouds,27.9167,96.1667,Circuit House
351,Nago,JP,71.67,overcast clouds,26.5881,127.9761,Hotel Yugaf Inn Okinawa
352,Fredericksburg,US,55.0,clear sky,38.3032,-77.4605,Courtyard by Marriott Fredericksburg Historic District
354,Buala,SB,76.84,light rain,-8.145,159.5921,Maringe Lagoon Lodge
355,Bahia De Caraquez,EC,75.38,light rain,-0.6,-80.4167,Saiananda Eco-Hotel
356,Boddam,GB,48.38,overcast clouds,57.4667,-1.7833,Palace Hotel
357,Sao Felix Do Xingu,BR,71.1,overcast clouds,-6.6447,-51.995,Rio Xingu Camping
358,Parana,AR,57.56,overcast clouds,-31.732,-60.5238,Howard Johnson by Wyndham Plaza Hotel Mayorazgo
359,Brigantine,US,54.27,clear sky,39.4101,-74.3646,Legacy Vacation Resorts - Brigantine Beach
361,Santa Fe,AR,59.02,overcast clouds,-31.6333,-60.7,Conquistador Hotel
362,Mbanza-Ngungu,CD,73.26,overcast clouds,-5.25,14.8667,Hotel Full Business
363,Rafaela,AR,58.05,overcast clouds,-31.2503,-61.4867,Parra Hotel & Suites
364,Hualmay,PE,69.73,overcast clouds,-11.0964,-77.6139,Hotel Villa Kitzia Huacho
365,Maceio,BR,76.44,scattered clouds,-9.6658,-35.7353,Poutur Pousada
367,Puerto Madero,MX,74.86,clear sky,14.7208,-92.4215,Hospedaje madero
368,Joshimath,IN,57.16,clear sky,30.5667,79.5667,Shivalik Camps & Resort
369,Aguimes,ES,66.83,few clouds,27.9054,-15.4461,Hotel Villa de Aguimes
370,Faya,SA,66.72,scattered clouds,18.3851,42.4509,ÿßŸÖŸÑÿßŸÉ ÿÆÿßŸÑÿØ ÿßŸÑÿ¥ÿπÿ¥Ÿàÿπ
372,Cabo San Lucas,MX,65.52,clear sky,22.8909,-109.9124,Hotel Tesoro Los Cabos
375,Caibarien,CU,70.92,broken clouds,22.5206,-79.4669,La Nena
377,Pilar,BR,75.13,scattered clouds,-9.5972,-35.9567,Pousada e churrascaria Manguaba
379,San Quintin,MX,60.53,clear sky,30.4833,-115.95,Don Eddie's Landing
381,San Miguel,SV,72.28,few clouds,13.4833,-88.1833,Hotel Tropico Inn San Miguel
383,Auki,SB,77.02,moderate rain,-8.7676,160.7034,Auki Motel
384,Kidal,ML,70.9,clear sky,18.4411,1.4078,
386,Broome,US,46.8,overcast clouds,42.2506,-75.833,Chenango Valley State Park
388,Puerto El Triunfo,SV,75.36,clear sky,13.2833,-88.55,Hotel Jardin
389,Keti Bandar,PK,76.84,clear sky,24.1447,67.4497,Haji laloo memon house
392,Chato,TZ,79.36,light rain,-2.6378,31.7669,Morning Star Inn
393,Adre,TD,77.2,clear sky,13.4667,22.2,
394,Chadiza,ZM,67.28,overcast clouds,-14.0678,32.4392,Sankhani Guest House
396,Teahupoo,PF,69.76,overcast clouds,-17.8333,-149.2667,Vanira Lodge
399,Turbat,PK,76.73,clear sky,26.0023,63.044,Mubashar Quarters
400,Santa Maria,BR,71.22,overcast clouds,-29.6842,-53.8069,Hotel Morotin
401,Maneadero,MX,64.58,clear sky,31.7167,-116.5667,Casa De Thompson
402,Masallatah,LY,56.93,few clouds,32.6167,14.0,Mustafa Taher Sowaidan
404,Lynn Haven,US,51.91,broken clouds,30.2455,-85.6483,Wingate by Wyndham Panama City Area Lynn Haven
405,Lucea,JM,71.85,clear sky,18.451,-78.1736,Grand Palladium Jamaica Resort & Spa
409,Qandala,SO,79.75,few clouds,11.472,49.8728,
410,Nola,IT,58.93,broken clouds,40.922,14.5329,Villa Minieri Eventi
414,Nanchang,CN,44.94,overcast clouds,28.6833,115.8833,Gloria Plaza Hotel Nanchang
415,San Cristobal,VE,64.89,overcast clouds,7.7669,-72.225,Posada Villaven C.A.
416,Kotdwara,IN,71.55,clear sky,29.75,78.5333,hotel gaurav plaza
418,Niceville,US,53.91,clear sky,30.5169,-86.4822,Hampton Inn Niceville-Eglin Air Force Base
420,Jalu,LY,58.57,clear sky,29.0331,21.5482,ÿµÿßÿ≠ÿ®ÿ© ÿßŸÑŸÅÿÆÿßŸÖÿ©
421,Guayabetal,CO,70.92,overcast clouds,4.2147,-73.8172,Hotel Finca el Recreo
424,Christchurch,NZ,55.9,light rain,-43.5333,172.6333,The George
427,Iquitos,PE,75.24,broken clouds,-3.7481,-73.2472,Casa Morey Hotel & Restaurant
429,Sal Rei,CV,73.96,broken clouds,16.1833,-22.9167,Marine Club Beach Resort
431,Kalmunai,LK,78.35,overcast clouds,7.4167,81.8167,VS Villa
432,Eugene,US,43.7,mist,44.0521,-123.0867,Valley River Inn
434,Buzmeyin,TM,44.33,overcast clouds,38.0507,58.2056,
436,Kirakira,SB,79.2,overcast clouds,-10.4544,161.9205,SanBiz Lodge
438,Flinders,AU,67.28,light rain,-34.5833,150.8552,Shellharbour Resort & Conference Centre
439,Asfi,MA,56.66,broken clouds,32.2994,-9.2372,H√¥tel Abda
440,Muroto,JP,53.64,few clouds,33.2833,134.15,Oota Ryokan
441,Saldanha,ZA,70.95,overcast clouds,-33.0117,17.9442,Blue Bay Lodge
443,Hagere Hiywet,ET,76.95,few clouds,8.9833,37.85,Hot Springs Resort
444,Buraydah,SA,59.45,clear sky,26.326,43.975,ŸÅŸÜÿØŸÇ ÿ±ÿßÿ≠ÿ© ÿßŸÑÿ≥ŸÑÿßŸÖ
446,Pemba,MZ,79.79,light rain,-12.974,40.5178,Guesthouse Samotina
447,Carballo,ES,48.9,overcast clouds,43.213,-8.691,Pazo do Souto
450,Gainesville,US,53.74,clear sky,29.6516,-82.3248,"Holiday Inn Gainesville-University Ctr, an IHG Hotel"
451,Sinnamary,GF,76.3,overcast clouds,5.3833,-52.95,ALETHEIA Appartement Sinnamary
453,Mpika,ZM,66.18,light rain,-11.8343,31.4529,Melodies Lodge
455,Nouadhibou,MR,66.18,overcast clouds,20.931,-17.0347,El Medina
457,Korem,ET,63.37,few clouds,12.5058,39.5228,Lakomeliza Hotel
458,Alta Floresta,BR,70.12,overcast clouds,-9.8756,-56.0861,Floresta Amazonica Hotel
459,Alofi,NU,78.69,few clouds,-19.0595,-169.9187,Taloa Heights
460,Margate,GB,43.92,broken clouds,51.3813,1.3862,Premier Inn Margate hotel
462,Lompoc,US,63.57,clear sky,34.6391,-120.4579,"Holiday Inn Express Lompoc, an IHG Hotel"
465,Niquelandia,BR,68.77,overcast clouds,-14.4739,-48.4597,Hotel Suin√£
466,Debre Tabor,ET,68.81,clear sky,11.85,38.0167,Tigesh
469,Klaksvik,FO,41.92,overcast clouds,62.2266,-6.589,Airbnb rooms
470,Arlit,NE,71.49,clear sky,18.7369,7.3853,Case de Passage De la Prefecture
472,Felanitx,ES,54.14,clear sky,39.4696,3.1483,Petit Hotel Hostatgeria Sant Salvador
473,Pirot,RS,43.21,overcast clouds,43.1531,22.5861,Sin-Kom Hotel Garni
474,Rio Gallegos,AR,62.65,broken clouds,-51.6226,-69.2181,Hotel Santa Cruz
477,Siparia,TT,76.86,few clouds,10.1333,-61.5,Brook Gardens
479,Vallenar,CL,63.84,clear sky,-28.5708,-70.7581,Humacao Bed & Breakfast
480,Krapina,HR,42.31,scattered clouds,46.1608,15.8789,Hostel Poslon
481,Isangel,VU,79.79,broken clouds,-19.55,169.2667,Tanna Lodge
482,Ziway,ET,77.95,overcast clouds,7.9333,38.7167,Haile Resort Ziway Batu
483,Naze,JP,59.92,overcast clouds,28.3667,129.4833,Shishime Hotel
486,Wanaka,NZ,57.11,overcast clouds,-44.7,169.15,Wanaka Homestead Lodge and Cottages
487,Newport,GB,46.26,overcast clouds,51.5877,-2.9984,ibis budget Newport
488,Saint George,US,55.99,clear sky,37.1041,-113.5841,Best Western Plus Abbey Inn
489,Avera,US,50.72,broken clouds,33.194,-82.5271,
491,Rock Sound,BS,76.84,broken clouds,24.9,-76.2,Pink Corral Bay Property
492,Aguadilla,PR,73.65,clear sky,18.4275,-67.1541,WSSM Surf House
495,Taman,RU,48.52,overcast clouds,45.2117,36.7161,Staryy Gorod G. Taman'
497,Velingara,SN,74.86,clear sky,13.15,-14.1167,Hotel Najla
498,Moengo,SR,72.23,overcast clouds,5.6167,-54.4,Masanga
499,Fevik,NO,40.77,overcast clouds,58.3794,8.6766,Strand Hotel Fevik - by Classic Norway Hotels
500,Acapulco,MX,75.02,broken clouds,16.8634,-99.8901,HS Hotsson Smart Acapulco
503,Caravelas,BR,73.04,broken clouds,-17.7125,-39.2481,Pousada dos Navegantes
504,Pachino,IT,57.24,overcast clouds,36.7186,15.0907,Pietra Bianca B&B
505,Chimbarongo,CL,54.48,clear sky,-34.7,-71.05,Hostal Ruka Kama√±
508,Carutapera,BR,75.87,overcast clouds,-1.195,-46.02,Lidera
510,Rudbar,AF,68.41,clear sky,30.15,62.6,
511,Kaili,ID,71.42,overcast clouds,-3.4626,120.2147,
513,Lubango,AO,75.24,broken clouds,-14.9172,13.4925,Hotel Serra da Chela
515,San Lawrenz,MT,56.86,overcast clouds,36.0553,14.204,San Andrea Hotel
524,Burnie,AU,62.83,clear sky,-41.0667,145.9167,Beachfront Voyager Motor Inn
525,Boa Vista,BR,76.98,clear sky,2.8197,-60.6733,Aipana Plaza Hotel
531,Palu,ID,75.81,overcast clouds,-0.8917,119.8707,Hotel Santika Palu
532,Asyut,EG,62.51,clear sky,27.181,31.1837,ŸÅŸÜÿØŸÇ ŸÖŸäÿ≥ ÿ•Ÿäÿ¨Ÿäÿ®ÿ™ Miss Egypt Hotel
533,The Valley,AI,75.81,clear sky,18.217,-63.0578,CeBlue Villas & Beach Resort
535,Ahipara,NZ,76.64,overcast clouds,-35.1667,173.1667,Ahipara Holiday Park
536,Goundam,ML,67.62,clear sky,16.4145,-3.6708,
538,Rawson,AR,59.88,broken clouds,-43.3002,-65.1023,Hosteria Sampedro
540,San Carlos De Bariloche,AR,44.35,few clouds,-41.1456,-71.3082,Hotel Patagonia
543,North Bend,US,52.16,clear sky,43.4065,-124.2243,Red Lion Hotel Coos Bay
544,Oak Ridge,US,54.57,clear sky,36.0104,-84.2696,DoubleTree by Hilton Hotel Oak Ridge - Knoxville
546,Jeremie,HT,73.98,clear sky,18.65,-74.1167,Auberge‚ÄôInn
547,Sao Filipe,CV,77.99,broken clouds,14.8961,-24.4956,Hotel Xaguate
549,Jiangyou,CN,49.89,overcast clouds,31.7667,104.7167,Shangping Shuyuan Inn
551,Sakaiminato,JP,46.38,few clouds,35.55,133.2333,Matsuya
552,Salta,AR,57.79,overcast clouds,-24.7859,-65.4117,Hotel Alejandro I
553,Coos Bay,US,52.23,clear sky,43.3665,-124.2179,Best Western Holiday Hotel
556,Villanueva,HN,68.99,scattered clouds,15.3167,-88.0,IGLESIA EVANGELICA DEL PRINCIPE DE PAZ
560,Tuy Hoa,VN,77.43,overcast clouds,13.0833,109.3,CenDeluxe Hotel Tuy Hoa
562,Larvik,NO,41.04,broken clouds,59.0533,10.0352,Farris Bad
563,Almora,IN,54.36,clear sky,29.6167,79.6667,New Dolma
566,Metlaltoyuca,MX,57.4,broken clouds,20.7333,-97.85,"Hotel ""Do√±a Yuya"""
567,Albertville,US,50.67,clear sky,34.2676,-86.2089,Microtel Inn & Suites by Wyndham Albertville
569,Ascension,US,48.2,clear sky,30.2169,-90.9001,Highland Inn
571,Bilma,NE,68.38,clear sky,18.6853,12.9164,Expeditions T√©n√©re voyages
572,Morros,BR,69.73,few clouds,-9.4467,-46.3003,
573,Panguna,PG,69.46,light rain,-6.3164,155.4848,
574,Coruripe,BR,76.71,broken clouds,-10.1256,-36.1756,Pousada e Hotel Litoral Sul
575,Zhongshu,CN,65.41,clear sky,24.5167,103.7667,Xintianlong Hotel
576,Chivilcoy,AR,52.02,scattered clouds,-34.8957,-60.0167,Chivilrent
578,Chimbote,PE,69.08,overcast clouds,-9.0853,-78.5783,Hotel Viera Chimbote
579,Manaia,NZ,76.3,overcast clouds,-39.55,174.1333,Freedom Campground
581,Collierville,US,50.86,light rain,35.042,-89.6645,Hampton Inn Memphis/Collierville
584,Llanes,ES,49.86,scattered clouds,43.4198,-4.7549,Hotel La Paz
585,Ketchikan,US,40.98,light rain,55.3422,-131.6461,Snow's Cove Lodge
588,Cajamarca,PE,50.68,overcast clouds,-7.1638,-78.5003,Hotel Qhapac √ëan
589,Del Rio,US,57.31,clear sky,29.3627,-100.8968,"Holiday Inn Express & Suites del Rio, an IHG Hotel"
590,Tiznit,MA,57.79,scattered clouds,29.5833,-9.5,
591,Yuli,NG,79.83,overcast clouds,9.6989,10.2744,
592,Ullapool,GB,49.35,heavy intensity rain,57.8987,-5.1604,Argyll Hotel
593,Nalut,LY,54.43,clear sky,30.3333,10.85,
594,Hermosillo,MX,67.24,clear sky,29.0667,-110.9667,ibis Hermosillo
600,Mangrol,IN,79.93,clear sky,21.1167,70.1167,Hotel The Royal Honours
602,Surt,LY,58.01,broken clouds,31.2089,16.5887,ÿßŸÑŸáÿßÿØŸä ÿßÿ®Ÿàÿ¥ÿπÿßŸÑŸá ÿ≥ÿ±ÿ™
604,Orcopampa,PE,45.07,overcast clouds,-15.2661,-72.3417,Happy Wasi
607,Kutum,SD,69.19,clear sky,14.2,24.6667,Dibbo areaŸÖŸÜÿ∑ŸÇÿ© ÿØÿ®Ÿà
608,Dangara,IN,76.15,clear sky,29.6799,75.8931,Mirchi Hotel & Restaurant Tohana
609,Ayolas,PY,70.39,scattered clouds,-27.4,-56.9,Hotel Ayolas
610,Sirjan,IR,61.21,clear sky,29.452,55.6814,MAPNA Building
611,Moerai,PF,78.71,light rain,-22.4333,-151.3333,Le Manotel
612,Fukuchiyama,JP,51.66,scattered clouds,35.3,135.1167,Fukuchiyama Ark Hotel
614,Awbari,LY,57.6,clear sky,26.5921,12.7805,ŸÅŸÜÿØŸÇ ÿ£Ÿàÿ®ÿßÿ±Ÿä
615,Chino Valley,US,53.91,clear sky,34.7575,-112.4538,Primrose Inn & Suites
619,Shangrao,CN,47.68,overcast clouds,28.4532,117.9686,Boyue boutique Hotel
620,Mackay,AU,79.68,clear sky,-21.15,149.2,International Lodge Motel
621,Brae,GB,44.51,overcast clouds,60.3964,-1.353,Busta House Hotel
625,Peruibe,BR,72.84,overcast clouds,-24.32,-46.9983,Hotel Pousada Xapuri
626,Mount Pleasant,US,49.98,scattered clouds,32.7941,-79.8626,Best Western Patriots Point
630,Kahului,US,72.84,few clouds,20.8947,-156.47,Maui Seaside Hotel
631,Tuxpan,MX,51.39,clear sky,19.55,-103.4,Hotel y Restaurante Campestre La Caba√±a
632,Dongying,CN,49.12,light rain,37.4564,118.4856,Wanda Realm
633,Somerset,US,55.22,broken clouds,40.5668,-74.5496,Hilton Garden Inn Bridgewater
634,Eirunepe,BR,71.53,overcast clouds,-6.6603,-69.8736,Atr√°s de voc√™
636,Boca Do Acre,BR,72.39,overcast clouds,-8.7522,-67.3978,Hotel Sao Pedro
639,Sandy Bay,AU,65.05,broken clouds,-42.913,147.3532,St Ives Hobart Accommodation Tasmania
640,Praxedis Guerrero,MX,52.75,clear sky,31.3667,-106.0167,Congregaci√≥n placitas de Otero
641,Zaragoza,ES,50.11,broken clouds,41.6561,-0.8773,INNSiDE Zaragoza
642,Shingu,JP,51.91,scattered clouds,33.7333,135.9833,Shingu UI Hotel
643,Urgut,UZ,44.22,overcast clouds,39.4022,67.2431,Xursandov Abdullo xonadoni
644,Marawi,PH,72.64,overcast clouds,7.9986,124.2928,Derogongan Residence
645,Mercedes,AR,54.84,overcast clouds,-34.6515,-59.4307,Posada del Inti Centro
646,Malia,GR,60.66,overcast clouds,35.2833,25.4667,Kalypso Hotel
647,Las Lomas,PA,71.28,overcast clouds,8.4333,-82.4,Hotel Castilla
653,Kalengwa,ZM,72.68,light rain,-13.4659,25.0027,
656,Ukiah,US,63.03,clear sky,39.1502,-123.2078,Hampton Inn Ukiah
659,Canutama,BR,71.82,overcast clouds,-6.5339,-64.3831,Hotel Jhennifer
660,Humberto De Campos,BR,75.7,light rain,-2.5983,-43.4611,Pousada do Cabe√ßa
661,Esna,EG,68.22,clear sky,25.2934,32.554,Orient Star Dahabyia Isna 05 Nights Each Sunday
662,Ayotzintepec,MX,67.86,overcast clouds,17.6667,-96.1333,"Hotel ""Punta del Cerro"""
664,Zaria,NG,73.81,broken clouds,11.1113,7.7227,A.B.U Hotels
665,Mapiripan,CO,72.34,overcast clouds,2.8892,-72.1256,Monserrate
666,Xacmaz,AZ,47.88,clear sky,41.4635,48.806,SAHƒ∞L HOTEL
668,Batemans Bay,AU,67.1,overcast clouds,-35.7167,150.1833,Batemans Bay Marina Resort
669,Travesia,HN,70.09,few clouds,15.8667,-87.9,Palace Inn Hotel
670,La Tebaida,CO,64.72,overcast clouds,4.4527,-75.7875,El Tri√°ngulo
671,Sakakah,SA,58.57,clear sky,29.9697,40.2064,Fakhamat Al Orjoana Apartment
673,Khuzdar,PK,67.05,clear sky,27.7384,66.6434,jhalwan Rent A Car Compny Moola Chotok
679,La Roda,ES,50.9,overcast clouds,39.2167,-2.15,Hotel-Restaurante El Sue√±o de Jemik
681,Iranshahr,IR,75.54,clear sky,27.2025,60.6848,ŸÜ€å⁄© ÿ≥ÿ±ÿ¥ÿ™
683,Xinyu,CN,45.54,light rain,27.8043,114.9334,Xinyu Beihu Hotel
684,Jacareacanga,BR,71.35,overcast clouds,-6.2222,-57.7528,Casa do Ianüòé
688,Fort-Shevchenko,KZ,43.25,overcast clouds,44.5086,50.263,Oasis hotel Bautino
689,San Juan,AR,62.19,overcast clouds,-31.5375,-68.5364,Hotel Provincial
690,Apucarana,BR,60.93,clear sky,-23.5508,-51.4608,Hotel Doral Apucarana
692,Raymond,US,44.42,overcast clouds,43.9015,-70.4703,Migis Lodge at Sebago Lake
694,Blythe,US,66.65,clear sky,33.6103,-114.5964,Rodeway Inn & Suites
695,Camacupa,AO,77.34,overcast clouds,-12.0167,17.4833,
696,Senador Jose Porfirio,BR,72.32,overcast clouds,-2.5908,-51.9542,Pousada Novo Horizonte
698,Ilhabela,BR,73.99,overcast clouds,-23.7781,-45.3581,Ilha Flat Hotel
699,Pafos,CY,62.51,clear sky,34.7667,32.4167,Elysium Hotel
700,Natal,BR,77.65,broken clouds,-5.795,-35.2094,Villa Park Hotel | Natal
701,Dunedin,NZ,54.81,overcast clouds,-45.8742,170.5036,Scenic Hotel Southern Cross
703,Fonte Boa,BR,71.96,overcast clouds,-2.4959,-66.2662,
