City_ID,City,Country,Lat,Lng,Max Temp,Humidity,Cloudiness,Wind Speed,Current Description
0,Tuatapere,NZ,-46.1333,167.6833,52.83,72,96,7.7,overcast clouds
1,Touros,BR,-5.1989,-35.4608,77.9,82,92,7.18,overcast clouds
2,Karaton,ID,-6.3424,106.1045,86.95,59,100,5.82,overcast clouds
3,Jamestown,US,42.097,-79.2353,38.08,65,75,9.22,broken clouds
4,Ushuaia,AR,-54.8,-68.3,47.86,76,40,49.48,scattered clouds
5,Shubarshi,KZ,48.5872,57.1869,31.8,99,100,21.52,light snow
6,Butaritari,KI,3.0707,172.7902,82.72,72,74,15.26,broken clouds
7,Mount Gambier,AU,-37.8333,140.7667,69.17,64,0,7.87,clear sky
8,Ucluelet,CA,48.9329,-125.5528,35.96,73,94,4.07,overcast clouds
9,Skelleftea,SE,64.7507,20.9528,12.56,92,0,2.3,clear sky
10,Lagoa,PT,39.05,-27.9833,60.01,82,100,17.29,overcast clouds
11,Sao Joao Da Barra,BR,-21.6403,-41.0511,71.8,92,100,6.33,overcast clouds
12,Bredasdorp,ZA,-34.5322,20.0403,85.28,39,96,8.86,overcast clouds
13,Yellowknife,CA,62.456,-114.3525,-29.24,99,19,5.1,few clouds
14,Iguape,BR,-24.7081,-47.5553,73.81,77,57,4.41,broken clouds
15,Hithadhoo,MV,-0.6,73.0833,81.52,69,42,6.76,scattered clouds
16,Merauke,ID,-8.4667,140.3333,83.25,75,38,13.89,scattered clouds
17,Mataura,NZ,-46.1927,168.8643,52.48,62,86,5.5,overcast clouds
18,Port Lincoln,AU,-34.7333,135.8667,72.23,51,1,8.5,clear sky
19,Torbay,CA,47.6666,-52.7314,32.58,90,43,8.01,scattered clouds
20,Luderitz,NA,-26.6481,15.1594,84.47,52,2,2.95,clear sky
21,Gombe,NG,10.2897,11.1673,75.42,17,100,10.87,overcast clouds
22,Codrington,AU,-38.2667,141.9667,68.04,69,0,12.71,clear sky
23,Tiksi,RU,71.6872,128.8694,-8.95,92,100,16.44,overcast clouds
24,Yumen,CN,40.2833,97.2,33.01,32,89,25.17,overcast clouds
25,Atuona,PF,-9.8,-139.0333,77.47,76,9,13.91,light rain
26,Qasigiannguit,GL,68.8193,-51.1922,28.65,74,100,9.13,overcast clouds
27,Lang Son,VN,21.8333,106.7333,53.2,93,100,5.41,overcast clouds
28,Albany,US,42.6001,-73.9662,49.8,64,100,6.89,overcast clouds
29,Porto Novo,BJ,6.4965,2.6036,87.3,62,96,3.76,overcast clouds
30,Katangli,RU,51.7102,143.2326,19.42,90,100,8.37,overcast clouds
31,Rikitea,PF,-23.1203,-134.9692,78.8,73,10,15.97,light rain
32,Yelbarga,IN,15.6333,76.0167,85.05,27,32,7.18,scattered clouds
33,Souillac,MU,-20.5167,57.5167,85.35,68,91,7.14,light rain
34,San Felipe,VE,10.3399,-68.7425,70.66,93,96,5.5,overcast clouds
35,Prince Rupert,CA,54.3161,-130.3201,36.5,74,98,4.68,overcast clouds
36,Hilo,US,19.7297,-155.09,67.8,87,1,5.01,clear sky
37,Hermanus,ZA,-34.4187,19.2345,85.8,54,100,4.03,overcast clouds
38,Sacama,EC,-3.9,-79.2667,49.48,97,100,2.01,light rain
39,Rancho Palos Verdes,US,33.7445,-118.387,73.22,52,1,3.0,clear sky
40,Airai,TL,-8.9266,125.4092,66.4,91,95,1.81,overcast clouds
41,Independence,US,39.0911,-94.4155,18.82,61,0,14.97,clear sky
42,Vaini,TO,-21.2,-175.2,78.96,94,20,5.75,few clouds
43,Iberia,US,29.9502,-91.7507,48.97,100,0,3.44,mist
44,Hambantota,LK,6.1241,81.1185,84.2,69,100,17.58,overcast clouds
45,Pisco,PE,-13.7,-76.2167,68.05,77,100,8.05,overcast clouds
46,Walvis Bay,NA,-22.9575,14.5053,74.08,77,21,10.71,light rain
47,Punta Arenas,CL,-53.15,-70.9167,53.71,62,75,16.11,broken clouds
48,New Norfolk,AU,-42.7826,147.0587,64.65,43,75,1.01,broken clouds
49,Kilimatinde,TZ,-5.85,34.95,79.12,63,100,1.03,light rain
50,Narsaq,GL,60.9167,-46.05,34.02,91,100,11.18,snow
51,Puerto Carreno,CO,6.189,-67.4859,78.76,59,100,13.2,overcast clouds
52,Constitucion,CL,-35.3333,-72.4167,59.94,48,0,3.76,clear sky
53,Kapaa,US,22.0752,-159.319,70.12,80,75,3.44,broken clouds
54,Geraldton,AU,-28.7667,114.6,81.01,54,62,21.85,broken clouds
55,Riyadh,SA,24.6877,46.7219,62.74,27,42,16.31,scattered clouds
56,Bethel,US,41.3712,-73.414,50.34,59,92,8.57,overcast clouds
57,Kichera,RU,55.9375,110.0997,-11.25,95,20,2.75,few clouds
58,Hasaki,JP,35.7333,140.8333,43.2,53,97,5.57,overcast clouds
59,Ancud,CL,-41.8697,-73.8203,54.93,82,84,5.64,broken clouds
60,Busselton,AU,-33.65,115.3333,76.08,46,6,17.38,clear sky
61,Khatanga,RU,71.9667,102.5,0.07,81,68,12.59,broken clouds
62,Coquimbo,CL,-29.9533,-71.3436,60.53,94,0,2.3,clear sky
63,Hobart,AU,-42.8794,147.3294,65.01,59,71,14.97,broken clouds
64,Topolobampo,MX,25.6,-109.05,57.58,66,0,3.27,clear sky
65,Georgetown,MY,5.4112,100.3354,91.33,65,20,4.61,few clouds
66,Chuy,UY,-33.6971,-53.4616,68.16,95,96,1.54,overcast clouds
67,Kaitangata,NZ,-46.2817,169.8464,52.93,72,89,8.23,overcast clouds
68,Bluff,NZ,-46.6,168.3333,52.81,63,95,13.8,overcast clouds
69,Upernavik,GL,72.7868,-56.1549,-7.2,99,100,13.31,light snow
70,Dawei,MM,14.0833,98.2,87.1,45,52,9.28,broken clouds
71,Boende,CD,-0.2167,20.8667,94.98,36,99,4.65,overcast clouds
72,Mehamn,NO,71.0357,27.8492,24.04,71,100,6.91,light snow
73,Barrow,US,71.2906,-156.7887,-34.58,100,0,8.05,clear sky
74,Cape Town,ZA,-33.9258,18.4232,86.27,45,80,3.0,broken clouds
75,Ostrovnoy,RU,68.0531,39.5131,12.79,95,84,9.48,broken clouds
76,Vestmannaeyjar,IS,63.4427,-20.2734,29.61,71,100,3.65,overcast clouds
77,Itoman,JP,26.1247,127.6694,71.62,78,75,17.27,light intensity drizzle
78,Lebu,CL,-37.6167,-73.65,56.08,65,0,12.15,clear sky
79,Port Alfred,ZA,-33.5906,26.891,80.17,72,64,12.84,broken clouds
80,Wagar,SD,16.1525,36.2032,81.07,44,0,9.57,clear sky
81,Saskylakh,RU,71.9167,114.0833,2.12,79,81,14.5,broken clouds
82,Kieta,PG,-6.2167,155.6333,78.55,84,100,3.74,moderate rain
83,Katsuura,JP,35.1333,140.3,46.51,58,72,5.14,broken clouds
84,Namatanai,PG,-3.6667,152.4333,79.21,81,98,3.76,light rain
85,Ponta Do Sol,PT,32.6667,-17.1,64.13,69,6,5.95,clear sky
86,Longyearbyen,SJ,78.2186,15.6401,19.24,86,75,8.05,light snow
87,Tuktoyaktuk,CA,69.4541,-133.0374,-23.26,100,79,2.37,broken clouds
88,Tateyama,JP,34.9833,139.8667,46.42,55,63,5.39,broken clouds
89,Chokurdakh,RU,70.6333,147.9167,-2.85,96,100,13.67,light snow
90,Meulaboh,ID,4.1363,96.1285,86.27,60,99,5.03,overcast clouds
91,Ribeira Grande,PT,38.5167,-28.7,61.2,77,20,14.97,few clouds
92,Taveta,KE,-3.3963,37.6736,85.24,45,97,5.5,overcast clouds
93,Korla,CN,41.7597,86.1469,35.74,33,40,1.01,scattered clouds
94,Taltal,CL,-25.4,-70.4833,65.88,84,19,1.63,few clouds
95,Paka,MY,4.6374,103.4368,82.4,69,89,9.69,overcast clouds
96,Samfya,ZM,-11.3649,29.5565,72.05,74,97,5.84,overcast clouds
97,Launceston,AU,-41.45,147.1667,65.84,58,55,17.27,broken clouds
98,Mar Del Plata,AR,-38.0023,-57.5575,62.1,69,46,25.99,scattered clouds
99,Cairns,AU,-16.9167,145.7667,82.35,61,14,10.36,few clouds
100,Pauini,BR,-7.7136,-66.9764,72.1,98,100,2.06,overcast clouds
101,Quesnel,CA,52.9999,-122.5029,23.97,94,78,4.07,broken clouds
102,Sept-Iles,CA,50.2001,-66.3821,26.06,95,100,8.99,overcast clouds
103,Cidreira,BR,-30.1811,-50.2056,72.0,86,1,14.45,clear sky
104,Erenhot,CN,43.6475,111.9767,7.63,77,12,4.79,few clouds
105,Nabire,ID,-3.3667,135.4833,78.15,89,76,3.76,light rain
106,Bachatskiy,RU,54.2927,86.1285,10.27,83,6,4.54,clear sky
107,Mount Isa,AU,-20.7333,139.5,92.97,31,75,5.75,light rain
108,Kitgum,UG,3.2783,32.8867,94.69,20,60,2.73,broken clouds
109,Castro,BR,-24.7911,-50.0119,57.38,93,84,6.17,broken clouds
110,Kodiak,US,57.79,-152.4072,36.91,87,75,0.0,broken clouds
111,Juneau,US,58.3019,-134.4197,39.2,96,100,17.27,light rain
112,Pundaguitan,PH,6.3711,126.1689,82.2,77,100,13.56,overcast clouds
113,Dikson,RU,73.5069,80.5464,2.73,79,100,27.89,overcast clouds
114,Rimini,IT,44.0241,12.5186,49.5,72,75,11.99,broken clouds
115,Victoria,HK,22.2855,114.1577,71.96,81,25,5.01,scattered clouds
116,Norman Wells,CA,65.282,-126.8329,-21.42,97,51,5.64,broken clouds
117,Banff,CA,51.1762,-115.5698,24.91,99,82,6.13,broken clouds
118,Sola,VU,-13.8833,167.55,77.9,86,100,14.99,overcast clouds
119,Lago Da Pedra,BR,-4.3333,-45.1667,71.64,99,100,2.93,overcast clouds
120,Ulladulla,AU,-35.35,150.4667,67.1,83,89,9.26,overcast clouds
121,Santa Lucia,ES,27.9117,-15.5407,60.12,42,20,10.36,few clouds
122,Talcahuano,CL,-36.7167,-73.1167,53.28,87,0,8.05,clear sky
123,Severo-Kurilsk,RU,50.6789,156.125,20.98,77,73,5.66,broken clouds
124,Oswego,US,43.4501,-76.1497,43.02,95,100,1.01,overcast clouds
125,Barra Do Garcas,BR,-15.89,-52.2567,68.81,97,82,0.83,broken clouds
126,Bulri,PK,24.8667,68.3333,84.43,15,0,9.78,clear sky
127,Kruisfontein,ZA,-34.0033,24.7314,86.47,33,0,9.48,clear sky
128,Carnarvon,AU,-24.8667,113.6333,89.67,58,23,18.41,few clouds
129,Redlands,US,34.0556,-117.1825,70.97,22,0,3.44,clear sky
130,Dingle,PH,10.9995,122.6711,79.36,83,100,10.83,overcast clouds
131,Kisanga,TZ,-7.4362,37.7034,82.76,75,100,2.82,light rain
132,Bambous Virieux,MU,-20.3428,57.7575,85.21,73,95,9.91,overcast clouds
133,Artyom,AZ,40.4723,50.333,51.94,77,41,19.42,scattered clouds
134,Leningradskiy,RU,69.3833,178.4167,-18.13,98,97,4.38,overcast clouds
135,Guerrero Negro,MX,27.9769,-114.0611,61.18,66,1,4.94,clear sky
136,Majene,ID,-3.5403,118.9707,77.72,87,100,10.02,moderate rain
137,Biggar,GB,55.6167,-3.5167,46.54,95,100,21.59,overcast clouds
138,Ambilobe,MG,-13.2,49.05,84.02,75,13,5.3,moderate rain
139,Amapa,BR,1.0,-52.0,71.55,98,100,3.13,overcast clouds
140,Ust-Maya,RU,60.4167,134.5333,-26.28,100,93,1.36,overcast clouds
141,Sambava,MG,-14.2667,50.1667,84.2,61,1,9.78,clear sky
142,Thompson,CA,55.7435,-97.8558,-16.69,96,100,3.69,overcast clouds
143,Provideniya,RU,64.3833,-173.3,-14.4,86,1,7.96,clear sky
144,Westport,US,41.1415,-73.3579,51.62,66,0,8.05,clear sky
145,La Romana,DO,18.4273,-68.9728,76.73,86,5,9.48,clear sky
146,Cherskiy,RU,68.75,161.3,-26.81,98,100,7.67,overcast clouds
147,Qaanaaq,GL,77.484,-69.3632,-22.05,48,0,7.83,clear sky
148,Yeppoon,AU,-23.1333,150.7333,78.58,70,1,16.02,clear sky
149,Kavieng,PG,-2.5744,150.7967,81.39,77,98,7.16,light rain
150,Kavali,IN,14.9167,79.9833,83.12,54,15,10.89,few clouds
151,Havelock,US,34.8791,-76.9013,57.92,91,19,5.03,few clouds
152,Port Blair,IN,11.6667,92.75,84.24,54,20,13.8,few clouds
153,Santa Vitoria Do Palmar,BR,-33.5189,-53.3681,68.32,96,78,2.13,broken clouds
154,Lavrentiya,RU,65.5833,-171.0,-23.76,93,29,6.96,scattered clouds
155,Bemidji,US,47.4736,-94.8803,-17.09,82,0,0.0,clear sky
156,Buenos Aires,AR,-34.6132,-58.3772,58.95,87,75,8.05,broken clouds
157,Huaibei,CN,33.9744,116.7917,49.86,44,100,5.88,light rain
158,Vanimo,PG,-2.6741,141.3028,79.52,85,100,7.76,overcast clouds
159,Taoudenni,ML,22.6783,-3.9836,62.98,24,28,12.19,scattered clouds
160,Phultala,BD,22.7,89.5167,77.2,26,6,9.93,clear sky
161,Khair,IN,27.95,77.8333,71.76,31,0,9.17,clear sky
162,Srednekolymsk,RU,67.45,153.6833,-31.32,98,25,7.18,scattered clouds
163,La Asuncion,VE,11.0333,-63.8628,74.82,83,46,16.49,scattered clouds
164,Vao,NC,-22.6667,167.4833,80.62,83,100,7.47,overcast clouds
165,Rio Grande,BR,-32.035,-52.0986,75.31,86,61,12.93,broken clouds
166,Barstow,US,34.8986,-117.0228,61.54,26,0,1.95,clear sky
167,Borovoy,RU,55.4333,86.0833,16.88,35,0,0.0,clear sky
168,Tual,ID,-5.6667,132.75,83.68,67,44,3.29,scattered clouds
169,Formosa,AR,-26.1775,-58.1781,73.38,83,0,9.22,clear sky
170,Magadan,RU,59.5667,150.8,-2.88,82,96,5.39,overcast clouds
171,Mayo,US,38.8876,-76.5119,55.81,47,0,9.22,clear sky
172,Vila Do Maio,CV,15.1333,-23.2167,74.19,73,94,19.57,overcast clouds
173,Arraial Do Cabo,BR,-22.9661,-42.0278,73.26,94,75,4.61,broken clouds
174,Belaya Gora,RU,68.5333,146.4167,-24.99,94,100,5.75,overcast clouds
175,Presidencia Roque Saenz Pena,AR,-26.7852,-60.4388,72.57,61,42,10.85,scattered clouds
176,Cayenne,GF,4.9333,-52.3333,75.09,91,75,3.44,broken clouds
177,Pacific Grove,US,36.6177,-121.9166,61.16,67,0,4.61,clear sky
178,Rajgarh,IN,28.6333,75.3833,75.43,16,0,9.62,clear sky
179,Klyuchi,RU,52.2667,79.1667,14.56,86,42,12.95,scattered clouds
180,Puerto Ayora,EC,-0.7393,-90.3518,71.55,97,100,7.38,overcast clouds
181,Atambua,ID,-9.1061,124.8925,78.75,84,92,1.5,overcast clouds
182,Bereda,ES,43.2686,-7.5406,49.41,100,67,1.52,broken clouds
183,Fare,PF,-16.7,-151.0167,81.46,72,66,14.61,broken clouds
184,Filingue,NE,14.3521,3.3168,76.57,10,1,17.45,clear sky
185,Mandera,KE,3.9366,41.867,89.96,23,79,11.92,broken clouds
186,Springbok,ZA,-29.6643,17.8865,73.02,46,100,4.81,light rain
187,Zhezkazgan,KZ,47.8043,67.7144,24.78,86,100,24.61,overcast clouds
188,Port Hawkesbury,CA,45.6169,-61.3485,43.18,95,98,5.01,overcast clouds
189,Neropolis,BR,-16.4064,-49.2186,67.08,98,93,2.82,overcast clouds
190,Inirida,CO,3.8653,-67.9239,72.18,91,100,0.29,overcast clouds
191,Fereydun Kenar,IR,36.6864,52.5225,50.92,71,25,7.78,scattered clouds
192,Saint-Francois,FR,46.4154,3.9054,34.68,88,0,2.3,clear sky
193,Koppang,NO,61.5706,11.0555,21.22,88,100,2.04,overcast clouds
194,Skibbereen,IE,51.55,-9.2667,48.0,87,100,19.84,overcast clouds
195,Baykit,RU,61.67,96.37,3.61,94,6,1.23,clear sky
196,Bathsheba,BB,13.2167,-59.5167,74.01,83,40,14.97,scattered clouds
197,Lingao,CN,19.9103,109.6859,72.19,72,74,18.88,broken clouds
198,Pevek,RU,69.7008,170.3133,-29.63,99,89,6.98,overcast clouds
199,Ballina,AU,-28.8667,153.5667,71.78,84,87,18.77,overcast clouds
200,Saint-Philippe,RE,-21.3585,55.7679,86.11,66,31,11.5,scattered clouds
201,Pavlodar,KZ,52.3,76.95,3.0,78,0,15.66,clear sky
202,Watsa,CD,3.0372,29.5355,88.48,19,69,6.91,broken clouds
203,Grindavik,IS,63.8424,-22.4338,25.27,74,0,18.41,clear sky
204,Tautira,PF,-17.7333,-149.15,75.22,74,100,13.29,overcast clouds
205,Mahebourg,MU,-20.4081,57.7,85.24,74,92,9.75,light rain
206,Porto Belo,BR,-27.1578,-48.5531,74.25,80,19,3.33,few clouds
207,Makakilo City,US,21.3469,-158.0858,72.28,72,0,4.61,clear sky
208,Sitka,US,57.0531,-135.33,44.49,87,100,5.75,moderate rain
209,Manturovo,RU,58.3353,44.7619,27.73,88,100,8.52,overcast clouds
210,Fortuna,US,40.5982,-124.1573,49.12,100,0,8.05,clear sky
211,Husavik,IS,66.0449,-17.3389,14.25,79,99,6.22,overcast clouds
212,Nidzica,PL,53.3605,20.4275,31.59,58,3,9.19,clear sky
213,Khumalag,RU,43.2403,44.4752,50.77,46,3,2.24,clear sky
214,Devils Lake,US,48.1128,-98.8651,-9.42,76,100,4.61,overcast clouds
215,Bodden Town,KY,19.2833,-81.25,77.94,79,6,3.0,clear sky
216,Graham,US,47.0529,-122.2943,42.91,95,0,0.0,light intensity drizzle
217,Saint-Augustin,CA,51.226,-58.6502,2.03,91,100,2.86,overcast clouds
218,East London,ZA,-33.0153,27.9116,81.91,68,1,14.52,clear sky
219,Kamina,CD,-8.7386,24.9906,78.19,62,83,1.63,broken clouds
220,Grand Gaube,MU,-20.0064,57.6608,85.37,64,100,5.01,overcast clouds
221,Sarangani,PH,5.4033,125.4636,82.09,80,100,22.24,overcast clouds
222,Horsham,GB,51.064,-0.3272,45.12,75,40,10.36,scattered clouds
223,Balsas,BR,-7.5325,-46.0356,70.66,95,34,1.5,scattered clouds
224,Pella,RU,59.7775,30.8181,32.04,88,73,10.38,light snow
225,Praia Da Vitoria,PT,38.7333,-27.0667,54.75,87,100,7.14,overcast clouds
226,Rimouski,CA,48.4488,-68.524,35.96,90,99,12.33,overcast clouds
227,Alyangula,AU,-13.8483,136.4192,85.41,65,9,11.43,clear sky
228,Xinpu,CN,34.5997,119.1594,44.74,57,100,10.0,overcast clouds
229,Nikolskoye,RU,59.7035,30.7861,31.87,88,69,10.2,light snow
230,Beira,MZ,-19.8436,34.8389,86.09,66,40,12.66,scattered clouds
231,Tahe,CN,52.3333,124.7333,-2.33,90,100,4.97,overcast clouds
232,Tolaga Bay,NZ,-38.3667,178.3,75.11,86,67,11.43,broken clouds
233,Sisauli,IN,29.4167,77.4667,72.16,26,0,12.17,clear sky
234,Tazmalt,DZ,36.3868,4.3989,50.2,80,93,2.89,overcast clouds
235,Pathein,MM,16.7833,94.7333,84.38,29,38,16.73,scattered clouds
236,Suntar,RU,62.1444,117.6319,-11.42,100,100,2.68,overcast clouds
237,Hornepayne,CA,49.2138,-84.7705,-23.24,96,98,7.74,overcast clouds
238,Avarua,CK,-21.2078,-159.775,75.25,94,59,2.3,broken clouds
239,Camopi,GF,3.1655,-52.3158,70.47,100,98,1.7,overcast clouds
240,Monrovia,LR,6.3005,-10.7969,78.57,84,25,8.79,scattered clouds
241,Milos,GR,36.75,24.4333,56.12,67,100,14.97,overcast clouds
242,Hofn,IS,64.2539,-15.2082,22.15,70,100,24.58,light snow
243,Pyaozerskiy,RU,65.8333,31.1667,12.67,89,20,6.55,few clouds
244,Yar-Sale,RU,66.8333,70.8333,-2.07,83,100,14.03,overcast clouds
245,Andenes,NO,69.3143,16.1194,26.58,80,40,4.61,scattered clouds
246,Constantine,DZ,36.365,6.6147,45.81,87,40,2.3,scattered clouds
247,Bilibino,RU,68.0546,166.4372,-35.95,100,95,1.32,overcast clouds
248,Hwange,ZW,-18.3693,26.5019,81.73,57,54,6.76,light rain
249,Svetlyy,RU,54.675,20.1347,38.97,71,4,16.28,clear sky
250,Chapais,CA,49.7834,-74.8492,2.98,95,100,12.86,light snow
251,Krasnoselkup,RU,65.7,82.4667,0.12,89,6,10.78,clear sky
252,Vila Velha,BR,-20.3297,-40.2925,73.35,97,75,0.0,broken clouds
253,Olafsvik,IS,64.8945,-23.7142,26.82,72,61,27.92,broken clouds
254,Ilulissat,GL,69.2167,-51.1,28.42,59,100,23.02,mist
255,Hoyanger,NO,61.2204,6.0749,36.79,98,100,5.3,light rain
256,Dandong,CN,40.1292,124.3947,32.7,32,100,5.73,overcast clouds
257,Tianpeng,CN,30.9866,103.9393,48.45,63,100,1.45,overcast clouds
258,Yashalta,RU,46.3395,42.2762,45.3,67,80,14.85,broken clouds
259,Timmins,CA,48.4669,-81.3331,-16.87,90,100,11.16,overcast clouds
260,Matola,MZ,-25.9622,32.4589,85.95,54,40,8.05,scattered clouds
261,Novyy Chirkey,RU,43.162,47.0559,51.58,44,0,6.89,clear sky
262,Coihueco,CL,-36.6167,-71.8333,50.74,71,0,0.0,clear sky
263,Kavaratti,IN,10.5669,72.642,80.82,71,7,8.39,clear sky
264,Farah,AF,32.5,62.5,59.02,20,0,4.34,clear sky
265,Nantucket,US,41.2835,-70.0995,51.26,86,0,14.97,clear sky
266,Lunsar,SL,8.6833,-12.5333,77.32,82,97,2.64,overcast clouds
267,Koungheul,SN,13.9833,-14.8,72.86,13,4,13.98,clear sky
268,Port Elizabeth,ZA,-33.918,25.5701,78.76,66,0,9.89,clear sky
269,Laguna,US,38.421,-121.4238,63.1,89,0,0.0,clear sky
270,Mbouda,CM,5.6258,10.2552,78.85,15,28,4.94,scattered clouds
271,Osoyoos,CA,49.0331,-119.4524,28.0,84,9,3.49,clear sky
272,Komsomolskiy,UZ,40.4272,71.7189,42.15,81,100,2.3,light rain
273,Richards Bay,ZA,-28.783,32.0377,86.52,50,2,6.44,clear sky
274,Sao Gabriel Da Cachoeira,BR,-0.1303,-67.0892,70.77,98,100,1.45,light rain
275,Zhanaozen,KZ,43.3,52.8,42.6,61,100,11.63,overcast clouds
276,Bend,US,44.0582,-121.3153,34.32,63,0,4.61,clear sky
277,Sabha,LY,27.0377,14.4283,56.3,28,0,8.75,clear sky
278,Keuruu,FI,62.2667,24.7,25.81,92,52,10.31,broken clouds
279,Samarai,PG,-10.6167,150.6667,81.82,64,63,12.86,broken clouds
280,Nanortalik,GL,60.1432,-45.2371,29.68,77,100,15.1,overcast clouds
281,Port Hardy,CA,50.6996,-127.4199,39.76,81,25,0.92,scattered clouds
282,Bellavista,PE,-7.0561,-76.5911,69.26,98,98,0.63,overcast clouds
283,Asadabad,IR,34.7824,48.1185,37.11,93,100,6.89,overcast clouds
284,San Patricio,US,28.017,-97.5169,62.89,94,0,4.7,clear sky
285,Casale Monferrato,IT,45.1334,8.4571,48.34,83,92,11.27,overcast clouds
286,Prieska,ZA,-29.6641,22.7474,91.09,27,1,10.65,clear sky
287,Manzhouli,CN,49.6,117.4333,-9.83,95,26,4.74,scattered clouds
288,Rovaniemi,FI,66.5,25.7167,0.81,85,100,5.75,overcast clouds
289,Cururupu,BR,-1.8283,-44.8683,74.32,95,99,2.71,overcast clouds
290,Bollnas,SE,61.3482,16.3946,33.39,73,100,12.41,overcast clouds
291,Aksu,CN,41.1231,80.2644,39.61,27,27,2.57,scattered clouds
292,Nchelenge,ZM,-9.3451,28.734,72.68,76,100,1.03,overcast clouds
293,Sangin,AF,32.0728,64.8359,61.86,18,0,3.04,clear sky
294,Sorland,NO,67.667,12.6934,32.95,66,88,17.4,light snow
295,Daru,PG,-9.0763,143.2092,80.38,76,100,7.31,overcast clouds
296,Seymchan,RU,62.8833,152.4333,-38.51,100,47,1.05,scattered clouds
297,Sinnar,SD,13.5691,33.5672,85.06,21,0,13.98,clear sky
298,Carlsbad,US,33.1581,-117.3506,72.09,44,0,0.0,clear sky
299,Bantou,CN,26.2151,117.4893,60.19,86,100,2.08,overcast clouds
300,Khani,GE,41.9563,42.9566,44.17,90,38,3.67,scattered clouds
301,Atbasar,KZ,51.8,68.3333,24.51,93,98,14.74,overcast clouds
302,San Anselmo,US,37.9747,-122.5616,63.46,66,68,4.63,broken clouds
303,Goure,NE,13.9835,10.2704,73.02,13,2,17.07,clear sky
304,Taber,CA,49.8167,-112.1518,29.98,68,86,10.45,overcast clouds
305,Luganville,VU,-15.5333,167.1667,79.45,86,100,8.1,overcast clouds
306,Seoul,KR,37.5683,126.9778,47.59,21,96,3.36,overcast clouds
307,Novikovo,RU,51.1537,37.8879,31.35,96,100,2.55,snow
308,Fuyang,CN,32.9,115.8167,41.94,86,100,4.45,light rain
309,Poum,NC,-20.2333,164.0167,81.34,77,100,5.7,overcast clouds
310,Quelimane,MZ,-17.8786,36.8883,82.35,83,75,5.75,broken clouds
311,Esperance,AU,-33.8667,121.9,69.19,78,59,14.58,broken clouds
312,Ixtapa,MX,20.7,-105.2,64.22,87,14,1.01,few clouds
313,Zuenoula,CI,7.4292,-6.0431,80.53,51,20,4.03,few clouds
314,Havre-Saint-Pierre,CA,50.2334,-63.5986,28.99,100,100,12.66,overcast clouds
315,Chiang Khong,TH,20.2613,100.4046,93.63,21,11,4.27,few clouds
316,Los Llanos De Aridane,ES,28.6585,-17.9182,62.35,46,75,10.36,broken clouds
317,Tura,IN,25.5198,90.2201,71.53,36,6,5.59,clear sky
318,Lazaro Cardenas,MX,17.9583,-102.2,72.0,64,100,4.56,overcast clouds
319,Abhar,IR,36.1468,49.218,38.37,71,45,3.13,scattered clouds
320,Aripuana,BR,-9.1667,-60.6333,71.92,95,100,0.78,overcast clouds
321,Safford,US,32.834,-109.7076,47.32,29,0,0.0,clear sky
322,Dergachi,RU,51.2328,48.7659,28.08,93,12,10.33,few clouds
323,Namikupa,TZ,-10.8333,39.6,79.59,78,100,2.53,light rain
324,Corum,TR,40.5,34.75,27.07,96,17,3.76,few clouds
325,Odweyne,SO,9.4092,45.064,83.61,16,30,14.83,scattered clouds
326,Bubaque,GW,11.2833,-15.8333,77.2,40,2,19.06,clear sky
327,Iqaluit,CA,63.7506,-68.5145,-20.31,75,75,0.0,broken clouds
328,Juarez,MX,31.7333,-106.4833,53.83,37,0,15.01,clear sky
329,Torit,SS,4.4133,32.5678,95.83,20,55,7.23,broken clouds
330,Almaznyy,RU,48.0448,40.045,37.54,98,100,6.98,overcast clouds
331,Necochea,AR,-38.5473,-58.7368,55.04,61,0,8.25,clear sky
332,High Prairie,CA,55.4334,-116.4858,27.7,94,100,2.64,overcast clouds
333,Skerries,IE,53.5828,-6.1083,52.5,88,100,22.19,overcast clouds
334,Faanui,PF,-16.4833,-151.75,81.84,71,100,14.47,overcast clouds
335,Bunia,CD,1.5667,30.25,86.95,24,100,4.27,overcast clouds
336,Salinas,US,36.6777,-121.6555,61.57,66,0,5.75,clear sky
337,Bengkulu,ID,-3.8004,102.2655,84.02,68,100,7.87,overcast clouds
338,Sao Marcos,BR,-28.9711,-51.0681,63.72,97,10,2.91,clear sky
339,Te Anau,NZ,-45.4167,167.7167,47.95,73,100,6.29,overcast clouds
340,Pacifica,US,37.6138,-122.4869,63.45,65,0,3.44,clear sky
341,Mumford,GH,5.2618,-0.759,82.0,77,100,10.11,overcast clouds
342,Kibre Mengist,ET,5.8833,38.9833,82.76,15,24,4.05,few clouds
343,Aykhal,RU,66.0,111.5,-5.67,100,82,4.45,broken clouds
344,Dulce Grande,MX,23.0,-102.1667,43.14,32,0,7.43,clear sky
345,Zhigansk,RU,66.7697,123.3711,-28.73,99,94,5.68,overcast clouds
346,Vuktyl,RU,63.8567,57.3094,9.9,93,100,9.93,light snow
347,Najran,SA,17.4924,44.1277,81.34,19,2,6.2,clear sky
348,Gigmoto,PH,13.7796,124.39,75.25,95,100,10.29,moderate rain
349,Bambanglipuro,ID,-7.95,110.2833,82.72,73,100,5.48,overcast clouds
350,Tezu,IN,27.9167,96.1667,69.4,48,67,4.12,broken clouds
351,Nago,JP,26.5881,127.9761,71.67,85,92,11.21,overcast clouds
352,Fredericksburg,US,38.3032,-77.4605,55.0,49,0,9.22,clear sky
353,Mandurah,AU,-32.55,115.7,83.14,62,0,21.07,clear sky
354,Buala,SB,-8.145,159.5921,76.84,88,100,5.84,light rain
355,Bahia De Caraquez,EC,-0.6,-80.4167,75.38,87,100,3.96,light rain
356,Boddam,GB,57.4667,-1.7833,48.38,90,100,24.79,overcast clouds
357,Sao Felix Do Xingu,BR,-6.6447,-51.995,71.1,100,100,2.04,overcast clouds
358,Parana,AR,-31.732,-60.5238,57.56,88,100,13.56,overcast clouds
359,Brigantine,US,39.4101,-74.3646,54.27,69,0,8.05,clear sky
360,Oyugis,KE,-0.509,34.7358,83.32,34,70,7.27,broken clouds
361,Santa Fe,AR,-31.6333,-60.7,59.02,88,100,11.01,overcast clouds
362,Mbanza-Ngungu,CD,-5.25,14.8667,73.26,74,100,3.76,overcast clouds
363,Rafaela,AR,-31.2503,-61.4867,58.05,81,100,5.99,overcast clouds
364,Hualmay,PE,-11.0964,-77.6139,69.73,84,100,6.22,overcast clouds
365,Maceio,BR,-9.6658,-35.7353,76.44,88,40,3.44,scattered clouds
366,Lomza,PL,53.1781,22.0593,35.83,63,5,10.16,clear sky
367,Puerto Madero,MX,14.7208,-92.4215,74.86,78,0,7.38,clear sky
368,Joshimath,IN,30.5667,79.5667,57.16,31,0,6.53,clear sky
369,Aguimes,ES,27.9054,-15.4461,66.83,43,20,11.5,few clouds
370,Faya,SA,18.3851,42.4509,66.72,54,32,7.94,scattered clouds
371,Otradnoye,RU,59.7775,30.8181,32.04,88,73,10.38,light snow
372,Cabo San Lucas,MX,22.8909,-109.9124,65.52,72,0,6.53,clear sky
373,Raudeberg,NO,61.9875,5.1352,39.2,91,100,8.99,light rain
374,Opuwo,NA,-18.0607,13.84,77.99,60,86,4.47,light rain
375,Caibarien,CU,22.5206,-79.4669,70.92,83,66,7.72,broken clouds
376,Port Augusta,AU,-32.5,137.7667,93.7,25,0,11.7,clear sky
377,Pilar,BR,-9.5972,-35.9567,75.13,92,48,5.26,scattered clouds
378,Berdigestyakh,RU,62.0989,126.6992,-22.59,100,51,2.77,broken clouds
379,San Quintin,MX,30.4833,-115.95,60.53,58,0,2.86,clear sky
380,Klyavlino,RU,54.2649,52.0267,23.54,93,90,7.45,overcast clouds
381,San Miguel,SV,13.4833,-88.1833,72.28,79,12,2.35,few clouds
382,Beatrice,US,40.2681,-96.747,12.18,72,0,6.91,clear sky
383,Auki,SB,-8.7676,160.7034,77.02,87,100,2.19,moderate rain
384,Kidal,ML,18.4411,1.4078,70.9,14,2,11.36,clear sky
385,Tazovskiy,RU,67.4667,78.7,-8.68,87,17,10.45,few clouds
386,Broome,US,42.2506,-75.833,46.8,67,100,13.8,overcast clouds
387,Zaysan,KZ,47.4667,84.8667,15.91,86,84,0.98,broken clouds
388,Puerto El Triunfo,SV,13.2833,-88.55,75.36,74,1,4.18,clear sky
389,Keti Bandar,PK,24.1447,67.4497,76.84,35,0,12.03,clear sky
390,Boden,SE,65.8252,21.6886,8.6,96,95,3.62,overcast clouds
391,Saint-Pierre,RE,-21.3393,55.4781,86.18,62,75,8.05,broken clouds
392,Chato,TZ,-2.6378,31.7669,79.36,55,100,3.11,light rain
393,Adre,TD,13.4667,22.2,77.2,11,7,14.05,clear sky
394,Chadiza,ZM,-14.0678,32.4392,67.28,84,100,2.59,overcast clouds
395,Toora-Khem,RU,52.4675,96.11,0.01,86,75,1.39,broken clouds
396,Teahupoo,PF,-17.8333,-149.2667,69.76,75,100,13.69,overcast clouds
397,Takoradi,GH,4.8845,-1.7554,82.51,73,98,8.12,light rain
398,Nuuk,GL,64.1835,-51.7216,32.61,93,100,42.57,overcast clouds
399,Turbat,PK,26.0023,63.044,76.73,22,0,8.88,clear sky
400,Santa Maria,BR,-29.6842,-53.8069,71.22,65,96,4.27,overcast clouds
401,Maneadero,MX,31.7167,-116.5667,64.58,37,0,5.3,clear sky
402,Masallatah,LY,32.6167,14.0,56.93,49,18,6.55,few clouds
403,Ossora,RU,59.2353,163.0719,-12.5,100,14,5.79,few clouds
404,Lynn Haven,US,30.2455,-85.6483,51.91,87,75,3.44,broken clouds
405,Lucea,JM,18.451,-78.1736,71.85,81,2,3.69,clear sky
406,Khingansk,RU,49.1167,131.1833,4.8,95,100,6.98,light snow
407,Strezhevoy,RU,60.7333,77.5889,-4.02,94,81,11.21,broken clouds
408,Markova,UA,48.6758,24.4138,35.19,78,96,11.74,light snow
409,Qandala,SO,11.472,49.8728,79.75,47,19,8.75,few clouds
410,Nola,IT,40.922,14.5329,58.93,56,53,5.01,broken clouds
411,Shalyhyne,UA,51.5717,34.1217,31.89,99,100,7.61,overcast clouds
412,Teykovo,RU,56.858,40.5369,27.12,89,100,8.97,overcast clouds
413,Polson,US,47.6936,-114.1632,29.48,85,73,1.39,broken clouds
414,Nanchang,CN,28.6833,115.8833,44.94,88,100,5.21,overcast clouds
415,San Cristobal,VE,7.7669,-72.225,64.89,82,100,1.34,overcast clouds
416,Kotdwara,IN,29.75,78.5333,71.55,30,0,6.46,clear sky
417,Xuddur,SO,4.1213,43.8894,86.52,26,61,17.72,broken clouds
418,Niceville,US,30.5169,-86.4822,53.91,92,0,3.44,clear sky
419,Petropavlovsk-Kamchatskiy,RU,53.0452,158.6483,8.78,55,44,6.42,scattered clouds
420,Jalu,LY,29.0331,21.5482,58.57,39,0,6.87,clear sky
421,Guayabetal,CO,4.2147,-73.8172,70.92,89,100,2.01,overcast clouds
422,Le Port,RE,-20.9373,55.2919,86.5,66,27,11.7,scattered clouds
423,Sedam,IN,17.1773,77.2824,86.31,23,32,5.39,scattered clouds
424,Christchurch,NZ,-43.5333,172.6333,55.9,94,75,17.27,light rain
425,Dzhebariki-Khaya,RU,62.2167,135.8,-33.07,100,87,0.43,overcast clouds
426,Gari,RU,59.4307,62.3497,11.07,90,100,5.17,light snow
427,Iquitos,PE,-3.7481,-73.2472,75.24,94,75,0.0,broken clouds
428,Kodinsk,RU,58.6881,99.1844,1.58,88,94,1.97,overcast clouds
429,Sal Rei,CV,16.1833,-22.9167,73.96,68,84,19.57,broken clouds
430,Ostrowiec Swietokrzyski,PL,50.9294,21.3853,37.47,60,7,10.2,clear sky
431,Kalmunai,LK,7.4167,81.8167,78.35,86,100,5.26,overcast clouds
432,Eugene,US,44.0521,-123.0867,43.7,93,100,0.0,mist
433,Gizycko,PL,54.0381,21.7644,33.06,69,4,12.37,clear sky
434,Buzmeyin,TM,38.0507,58.2056,44.33,87,100,4.61,overcast clouds
435,Tasiilaq,GL,65.6145,-37.6368,12.36,61,72,5.32,broken clouds
436,Kirakira,SB,-10.4544,161.9205,79.2,85,100,1.19,overcast clouds
437,Mahibadhoo,MV,3.7833,72.9667,81.43,70,100,4.18,overcast clouds
438,Flinders,AU,-34.5833,150.8552,67.28,91,77,5.01,light rain
439,Asfi,MA,32.2994,-9.2372,56.66,80,79,11.3,broken clouds
440,Muroto,JP,33.2833,134.15,53.64,57,19,12.06,few clouds
441,Saldanha,ZA,-33.0117,17.9442,70.95,73,85,10.4,overcast clouds
442,Sicamous,CA,50.8331,-118.9856,26.49,97,72,3.98,broken clouds
443,Hagere Hiywet,ET,8.9833,37.85,76.95,27,19,3.65,few clouds
444,Buraydah,SA,26.326,43.975,59.45,27,0,16.73,clear sky
445,Aklavik,CA,68.2191,-135.0107,-21.17,98,20,8.66,few clouds
446,Pemba,MZ,-12.974,40.5178,79.79,79,91,0.6,light rain
447,Carballo,ES,43.213,-8.691,48.9,92,95,1.48,overcast clouds
448,Sisimiut,GL,66.9395,-53.6735,26.1,76,100,13.6,overcast clouds
449,Salalah,OM,17.0151,54.0924,80.69,44,20,10.36,few clouds
450,Gainesville,US,29.6516,-82.3248,53.74,79,0,5.75,clear sky
451,Sinnamary,GF,5.3833,-52.95,76.3,86,99,12.06,overcast clouds
452,Kamenka,RU,51.3223,42.7678,32.76,90,99,5.35,overcast clouds
453,Mpika,ZM,-11.8343,31.4529,66.18,85,100,1.72,light rain
454,Hamilton,US,39.1834,-84.5333,37.72,78,75,13.8,light rain
455,Nouadhibou,MR,20.931,-17.0347,66.18,55,87,9.22,overcast clouds
456,Beitbridge,ZW,-22.2167,30.0,88.36,28,43,16.37,scattered clouds
457,Korem,ET,12.5058,39.5228,63.37,55,21,8.14,few clouds
458,Alta Floresta,BR,-9.8756,-56.0861,70.12,98,96,0.72,overcast clouds
459,Alofi,NU,-19.0595,-169.9187,78.69,83,23,6.91,few clouds
460,Margate,GB,51.3813,1.3862,43.92,77,60,5.99,broken clouds
461,Diapaga,BF,12.0708,1.7889,80.69,9,2,12.17,clear sky
462,Lompoc,US,34.6391,-120.4579,63.57,62,0,4.61,clear sky
463,Hobyo,SO,5.3505,48.5268,82.02,51,92,18.21,overcast clouds
464,Bud,US,39.447,-86.1758,30.31,86,47,11.7,scattered clouds
465,Niquelandia,BR,-14.4739,-48.4597,68.77,94,100,2.08,overcast clouds
466,Debre Tabor,ET,11.85,38.0167,68.81,33,8,6.29,clear sky
467,Pudozh,RU,61.8099,36.5345,18.23,94,100,8.16,overcast clouds
468,Beloha,MG,-25.1667,45.05,90.82,46,6,13.96,clear sky
469,Klaksvik,FO,62.2266,-6.589,41.92,90,100,17.63,overcast clouds
470,Arlit,NE,18.7369,7.3853,71.49,13,2,1.16,clear sky
471,Anloga,GH,5.7947,0.8973,82.4,78,100,8.95,overcast clouds
472,Felanitx,ES,39.4696,3.1483,54.14,69,7,5.97,clear sky
473,Pirot,RS,43.1531,22.5861,43.21,86,100,5.35,overcast clouds
474,Rio Gallegos,AR,-51.6226,-69.2181,62.65,59,75,34.52,broken clouds
475,Roros,NO,62.5747,11.3842,28.24,64,100,6.91,overcast clouds
476,Tignere,CM,7.3667,12.65,81.03,10,7,6.22,clear sky
477,Siparia,TT,10.1333,-61.5,76.86,95,22,11.07,few clouds
478,Kuruman,ZA,-27.4524,23.4325,84.99,31,4,12.95,clear sky
479,Vallenar,CL,-28.5708,-70.7581,63.84,69,0,1.41,clear sky
480,Krapina,HR,46.1608,15.8789,42.31,58,47,3.78,scattered clouds
481,Isangel,VU,-19.55,169.2667,79.79,89,72,6.62,broken clouds
482,Ziway,ET,7.9333,38.7167,77.95,29,88,12.68,overcast clouds
483,Naze,JP,28.3667,129.4833,59.92,89,99,11.03,overcast clouds
484,Omsukchan,RU,62.5333,155.8,-29.09,86,75,3.91,broken clouds
485,Lasa,IT,46.6166,10.7002,35.02,39,0,2.35,clear sky
486,Wanaka,NZ,-44.7,169.15,57.11,61,100,10.0,overcast clouds
487,Newport,GB,51.5877,-2.9984,46.26,75,100,1.99,overcast clouds
488,Saint George,US,37.1041,-113.5841,55.99,24,0,10.36,clear sky
489,Avera,US,33.194,-82.5271,50.72,69,73,5.97,broken clouds
490,Yerbogachen,RU,61.2767,108.0108,-5.15,99,100,0.63,overcast clouds
491,Rock Sound,BS,24.9,-76.2,76.84,76,77,15.23,broken clouds
492,Aguadilla,PR,18.4275,-67.1541,73.65,88,7,1.99,clear sky
493,Aitape,PG,-3.1374,142.3475,80.46,83,100,6.38,light rain
494,Emba,KZ,48.8264,58.1442,31.3,98,100,19.55,light snow
495,Taman,RU,45.2117,36.7161,48.52,73,89,10.42,overcast clouds
496,Sivaki,RU,52.6333,126.75,-1.53,90,100,5.93,overcast clouds
497,Velingara,SN,13.15,-14.1167,74.86,12,0,11.54,clear sky
498,Moengo,SR,5.6167,-54.4,72.23,95,98,2.28,overcast clouds
499,Fevik,NO,58.3794,8.6766,40.77,83,100,22.41,overcast clouds
500,Acapulco,MX,16.8634,-99.8901,75.02,78,75,3.44,broken clouds
501,Namibe,AO,-15.1961,12.1522,81.1,60,92,4.47,overcast clouds
502,Greytown,ZA,-29.0642,30.5928,83.68,40,7,3.42,clear sky
503,Caravelas,BR,-17.7125,-39.2481,73.04,93,76,3.13,broken clouds
504,Pachino,IT,36.7186,15.0907,57.24,68,100,3.18,overcast clouds
505,Chimbarongo,CL,-34.7,-71.05,54.48,34,0,1.86,clear sky
506,Samoylovka,RU,51.184,43.7081,27.59,90,100,5.32,overcast clouds
507,Victor Harbor,AU,-35.5667,138.6167,80.91,75,0,5.32,clear sky
508,Carutapera,BR,-1.195,-46.02,75.87,92,99,6.44,overcast clouds
509,Abu Dhabi,AE,24.4667,54.3667,82.51,26,0,5.75,clear sky
510,Rudbar,AF,30.15,62.6,68.41,14,0,7.25,clear sky
511,Kaili,ID,-3.4626,120.2147,71.42,94,89,1.16,overcast clouds
512,Tarakan,ID,3.3,117.6333,83.7,74,40,3.44,scattered clouds
513,Lubango,AO,-14.9172,13.4925,75.24,41,73,6.98,broken clouds
514,Rorvik,NO,64.8621,11.2373,37.62,50,100,22.3,overcast clouds
515,San Lawrenz,MT,36.0553,14.204,56.86,75,100,4.36,overcast clouds
516,Sarkand,KZ,45.41,79.9186,34.18,99,100,10.27,snow
517,Nan,TH,18.8333,100.6667,93.22,29,20,8.05,few clouds
518,Talnakh,RU,69.4865,88.3972,-8.63,82,100,8.32,overcast clouds
519,Turukhansk,RU,65.8167,87.9833,-2.06,87,1,4.27,clear sky
520,Ust-Ishim,RU,57.6935,71.1665,6.39,84,19,10.02,few clouds
521,Kvitok,RU,56.0724,98.4813,4.68,84,35,5.64,scattered clouds
522,Skjervoy,NO,70.0311,20.9714,28.94,62,91,10.76,light snow
523,Haines Junction,CA,60.7522,-137.5108,22.95,86,100,4.61,overcast clouds
524,Burnie,AU,-41.0667,145.9167,62.83,67,4,9.22,clear sky
525,Boa Vista,BR,2.8197,-60.6733,76.98,69,0,12.66,clear sky
526,Grand Bank,CA,47.0999,-55.765,33.8,82,100,8.86,overcast clouds
527,College,US,64.8569,-147.8028,-0.02,78,40,3.44,scattered clouds
528,Mnogovershinnyy,RU,53.9353,139.9242,10.49,97,100,4.92,overcast clouds
529,Paamiut,GL,61.994,-49.6678,30.02,93,100,34.11,light snow
530,Muravlenko,RU,63.7898,74.523,-2.04,90,5,12.03,clear sky
531,Palu,ID,-0.8917,119.8707,75.81,98,100,1.34,overcast clouds
532,Asyut,EG,27.181,31.1837,62.51,35,0,1.01,clear sky
533,The Valley,AI,18.217,-63.0578,75.81,73,6,21.32,clear sky
534,Kopargaon,IN,19.8833,74.4833,82.98,23,7,3.11,clear sky
535,Ahipara,NZ,-35.1667,173.1667,76.64,81,98,27.45,overcast clouds
536,Goundam,ML,16.4145,-3.6708,67.62,16,0,15.12,clear sky
537,Bonavista,CA,48.6499,-53.1147,30.11,69,50,11.61,scattered clouds
538,Rawson,AR,-43.3002,-65.1023,59.88,51,55,11.68,broken clouds
539,Laramie,US,41.3114,-105.5911,16.79,73,0,16.11,clear sky
540,San Carlos De Bariloche,AR,-41.1456,-71.3082,44.35,49,20,6.91,few clouds
541,Moose Factory,CA,51.2585,-80.6094,-23.8,76,0,8.05,clear sky
542,Gambo,CF,4.6482,22.2633,94.35,12,18,4.85,few clouds
543,North Bend,US,43.4065,-124.2243,52.16,73,0,4.61,clear sky
544,Oak Ridge,US,36.0104,-84.2696,54.57,60,0,0.0,clear sky
545,Ilebo,CD,-4.3167,20.5833,86.25,58,100,3.53,overcast clouds
546,Jeremie,HT,18.65,-74.1167,73.98,78,2,2.8,clear sky
547,Sao Filipe,CV,14.8961,-24.4956,77.99,46,79,17.72,broken clouds
548,Saint-Felicien,CA,48.6501,-72.4491,34.93,92,100,10.13,overcast clouds
549,Jiangyou,CN,31.7667,104.7167,49.89,62,100,4.27,overcast clouds
550,Kedrovyy,RU,56.1667,91.8167,-1.14,84,6,8.01,clear sky
551,Sakaiminato,JP,35.55,133.2333,46.38,53,20,6.91,few clouds
552,Salta,AR,-24.7859,-65.4117,57.79,96,100,5.75,overcast clouds
553,Coos Bay,US,43.3665,-124.2179,52.23,74,0,4.61,clear sky
554,Belyy Yar,RU,53.6039,91.3903,-7.71,71,65,4.47,smoke
555,Izazi,TZ,-7.2,35.7333,80.76,69,94,0.92,light rain
556,Villanueva,HN,15.3167,-88.0,68.99,94,40,0.0,scattered clouds
557,Lorengau,PG,-2.0226,147.2712,80.69,77,91,1.79,overcast clouds
558,Okha,RU,53.5739,142.9478,13.19,95,100,6.35,overcast clouds
559,Talaya,RU,61.3833,152.75,-34.53,98,85,1.92,overcast clouds
560,Tuy Hoa,VN,13.0833,109.3,77.43,80,100,7.85,overcast clouds
561,Orlik,RU,52.5178,99.825,-4.41,85,22,0.22,few clouds
562,Larvik,NO,59.0533,10.0352,41.04,83,75,17.27,broken clouds
563,Almora,IN,29.6167,79.6667,54.36,27,0,2.95,clear sky
564,Fairbanks,US,64.8378,-147.7164,-0.02,78,40,3.44,scattered clouds
565,Nampula,MZ,-15.1165,39.2666,82.35,69,75,5.75,broken clouds
566,Metlaltoyuca,MX,20.7333,-97.85,57.4,93,62,3.27,broken clouds
567,Albertville,US,34.2676,-86.2089,50.67,79,0,6.91,clear sky
568,Pangnirtung,CA,66.1451,-65.7125,3.06,94,100,1.77,light snow
569,Ascension,US,30.2169,-90.9001,48.2,87,0,0.0,clear sky
570,Makokou,GA,0.5738,12.8642,84.69,58,38,3.74,light rain
571,Bilma,NE,18.6853,12.9164,68.38,18,0,11.27,clear sky
572,Morros,BR,-9.4467,-46.3003,69.73,92,14,2.3,few clouds
573,Panguna,PG,-6.3164,155.4848,69.46,90,100,1.14,light rain
574,Coruripe,BR,-10.1256,-36.1756,76.71,87,77,9.55,broken clouds
575,Zhongshu,CN,24.5167,103.7667,65.41,32,6,13.69,clear sky
576,Chivilcoy,AR,-34.8957,-60.0167,52.02,10,49,8.99,scattered clouds
577,Khromtau,KZ,50.2503,58.4347,27.61,95,100,18.39,light snow
578,Chimbote,PE,-9.0853,-78.5783,69.08,87,100,5.19,overcast clouds
579,Manaia,NZ,-39.55,174.1333,76.3,96,100,9.15,overcast clouds
580,Vardo,NO,70.3705,31.1107,29.89,61,100,19.06,overcast clouds
581,Collierville,US,35.042,-89.6645,50.86,72,100,6.91,light rain
582,Okhotsk,RU,59.3833,143.3,-9.81,90,21,5.61,few clouds
583,Saint-Joseph,RE,-21.3667,55.6167,86.11,67,37,3.76,scattered clouds
584,Llanes,ES,43.4198,-4.7549,49.86,77,42,2.1,scattered clouds
585,Ketchikan,US,55.3422,-131.6461,40.98,93,100,6.91,light rain
586,Port Keats,AU,-14.25,129.55,80.26,72,78,3.29,broken clouds
587,Clyde River,CA,70.4692,-68.5914,-18.17,76,75,26.46,broken clouds
588,Cajamarca,PE,-7.1638,-78.5003,50.68,95,100,0.83,overcast clouds
589,Del Rio,US,29.3627,-100.8968,57.31,65,0,9.22,clear sky
590,Tiznit,MA,29.5833,-9.5,57.79,45,46,1.36,scattered clouds
591,Yuli,NG,9.6989,10.2744,79.83,13,99,8.12,overcast clouds
592,Ullapool,GB,57.8987,-5.1604,49.35,93,100,16.24,heavy intensity rain
593,Nalut,LY,30.3333,10.85,54.43,38,0,10.65,clear sky
594,Hermosillo,MX,29.0667,-110.9667,67.24,43,0,3.0,clear sky
595,Pashiya,RU,58.4324,58.2562,14.9,91,100,5.19,overcast clouds
596,Jalingo,NG,8.8833,11.3667,86.74,10,86,6.87,overcast clouds
597,Karratha,AU,-20.7377,116.8463,92.71,50,1,11.97,clear sky
598,Labuhan,ID,-6.8844,112.2051,80.49,84,100,10.51,overcast clouds
599,Mandalgovi,MN,45.7625,106.2708,3.07,64,100,3.29,overcast clouds
600,Mangrol,IN,21.1167,70.1167,79.93,29,1,8.1,clear sky
601,Gladstone,AU,-23.85,151.25,80.53,57,2,17.27,clear sky
602,Surt,LY,31.2089,16.5887,58.01,53,68,10.42,broken clouds
603,Linjiang,CN,41.8069,126.9078,21.2,81,100,2.15,overcast clouds
604,Orcopampa,PE,-15.2661,-72.3417,45.07,55,100,0.76,overcast clouds
605,Noumea,NC,-22.2763,166.4572,82.0,99,100,0.63,light rain
606,Mae Hong Son,TH,19.3003,97.9685,91.54,21,0,3.44,clear sky
607,Kutum,SD,14.2,24.6667,69.19,11,4,7.85,clear sky
608,Dangara,IN,29.6799,75.8931,76.15,17,0,9.57,clear sky
609,Ayolas,PY,-27.4,-56.9,70.39,60,40,5.1,scattered clouds
610,Sirjan,IR,29.452,55.6814,61.21,28,0,10.69,clear sky
611,Moerai,PF,-22.4333,-151.3333,78.71,77,100,6.51,light rain
612,Fukuchiyama,JP,35.3,135.1167,51.66,87,45,2.26,scattered clouds
613,Urumqi,CN,43.801,87.6005,14.95,79,75,2.24,mist
614,Awbari,LY,26.5921,12.7805,57.6,27,0,10.36,clear sky
615,Chino Valley,US,34.7575,-112.4538,53.91,36,0,3.44,clear sky
616,Sotouboua,TG,8.5667,0.9833,82.44,16,59,3.36,broken clouds
617,Banda Aceh,ID,5.5577,95.3222,84.34,70,71,16.53,broken clouds
618,Mogadishu,SO,2.0371,45.3438,83.48,57,100,18.61,overcast clouds
619,Shangrao,CN,28.4532,117.9686,47.68,92,100,1.03,overcast clouds
620,Mackay,AU,-21.15,149.2,79.68,68,2,13.18,clear sky
621,Brae,GB,60.3964,-1.353,44.51,87,100,23.15,overcast clouds
622,Siyabuswa,ZA,-25.1132,29.0445,83.26,25,13,6.53,few clouds
623,Undory,RU,54.6085,48.3928,31.24,90,38,11.18,scattered clouds
624,Nivala,FI,63.9167,24.9667,22.68,93,97,9.75,light snow
625,Peruibe,BR,-24.32,-46.9983,72.84,90,90,3.4,overcast clouds
626,Mount Pleasant,US,32.7941,-79.8626,49.98,89,40,5.75,scattered clouds
627,Mecca,SA,21.4267,39.8261,81.16,29,6,7.02,clear sky
628,Kyshtovka,RU,56.555,76.6271,3.42,88,31,9.98,scattered clouds
629,Kapit,MY,2.0167,112.9333,81.39,77,85,1.3,overcast clouds
630,Kahului,US,20.8947,-156.47,72.84,80,20,4.61,few clouds
631,Tuxpan,MX,19.55,-103.4,51.39,54,3,3.65,clear sky
632,Dongying,CN,37.4564,118.4856,49.12,36,100,1.43,light rain
633,Somerset,US,40.5668,-74.5496,55.22,54,82,1.99,broken clouds
634,Eirunepe,BR,-6.6603,-69.8736,71.53,99,96,1.74,overcast clouds
635,Wahlstedt,DE,53.95,10.2167,35.98,93,67,11.79,broken clouds
636,Boca Do Acre,BR,-8.7522,-67.3978,72.39,99,99,2.57,overcast clouds
637,Koslan,RU,63.4564,48.8989,22.35,92,100,5.55,overcast clouds
638,Marathon,US,44.9,-89.7668,4.14,76,0,8.05,clear sky
639,Sandy Bay,AU,-42.913,147.3532,65.05,60,71,14.97,broken clouds
640,Praxedis Guerrero,MX,31.3667,-106.0167,52.75,47,0,13.09,clear sky
641,Zaragoza,ES,41.6561,-0.8773,50.11,74,75,1.14,broken clouds
642,Shingu,JP,33.7333,135.9833,51.91,55,39,2.55,scattered clouds
643,Urgut,UZ,39.4022,67.2431,44.22,84,100,1.83,overcast clouds
644,Marawi,PH,7.9986,124.2928,72.64,86,99,4.9,overcast clouds
645,Mercedes,AR,-34.6515,-59.4307,54.84,93,100,11.12,overcast clouds
646,Malia,GR,35.2833,25.4667,60.66,68,100,2.28,overcast clouds
647,Las Lomas,PA,8.4333,-82.4,71.28,80,100,4.83,overcast clouds
648,Quatre Cocos,MU,-20.2078,57.7625,85.08,71,100,8.95,overcast clouds
649,Changtu,CN,42.7788,124.0955,23.13,39,100,7.36,overcast clouds
650,Bay Roberts,CA,47.5999,-53.2648,33.33,90,57,1.01,broken clouds
651,Caliling,PH,9.9804,122.4814,82.2,79,95,9.86,light rain
652,Yurginskoye,RU,56.8189,67.3921,5.9,83,100,11.7,overcast clouds
653,Kalengwa,ZM,-13.4659,25.0027,72.68,76,100,2.51,light rain
654,Goderich,CA,43.7501,-81.7165,27.21,86,100,21.85,overcast clouds
655,Luanda,AO,-8.8368,13.2343,84.2,61,100,3.44,overcast clouds
656,Ukiah,US,39.1502,-123.2078,63.03,80,0,0.0,clear sky
657,Fort Nelson,CA,58.8053,-122.7002,9.99,85,100,0.0,light snow
658,Yarmolyntsi,UA,49.1924,26.8373,32.47,83,100,14.32,overcast clouds
659,Canutama,BR,-6.5339,-64.3831,71.82,98,100,2.71,overcast clouds
660,Humberto De Campos,BR,-2.5983,-43.4611,75.7,92,100,5.21,light rain
661,Esna,EG,25.2934,32.554,68.22,36,0,11.97,clear sky
662,Ayotzintepec,MX,17.6667,-96.1333,67.86,94,100,0.76,overcast clouds
663,Grand Island,US,40.925,-98.342,11.35,72,0,6.91,clear sky
664,Zaria,NG,11.1113,7.7227,73.81,13,56,14.16,broken clouds
665,Mapiripan,CO,2.8892,-72.1256,72.34,73,98,3.58,overcast clouds
666,Xacmaz,AZ,41.4635,48.806,47.88,63,2,3.6,clear sky
667,Shaunavon,CA,49.6501,-108.4181,19.18,78,96,6.71,overcast clouds
668,Batemans Bay,AU,-35.7167,150.1833,67.1,87,94,6.51,overcast clouds
669,Travesia,HN,15.8667,-87.9,70.09,91,12,4.99,few clouds
670,La Tebaida,CO,4.4527,-75.7875,64.72,96,100,0.85,overcast clouds
671,Sakakah,SA,29.9697,40.2064,58.57,37,0,9.55,clear sky
672,Verkhoyansk,RU,67.5447,133.385,-30.51,98,81,1.03,broken clouds
673,Khuzdar,PK,27.7384,66.6434,67.05,14,0,5.1,clear sky
674,Selenduma,RU,50.9131,106.2406,-4.02,91,98,1.81,overcast clouds
675,Hailar,CN,49.2,119.7,-10.1,100,100,1.97,overcast clouds
676,Kyaiklat,MM,16.4333,95.7333,93.47,14,99,10.56,overcast clouds
677,Nyandoma,RU,61.669,40.1991,20.57,93,100,9.15,overcast clouds
678,Bugry,RU,60.0712,30.3923,31.75,75,66,11.32,light snow
679,La Roda,ES,39.2167,-2.15,50.9,55,99,8.41,overcast clouds
680,Agirish,RU,61.9247,63.0231,6.19,94,100,8.75,light snow
681,Iranshahr,IR,27.2025,60.6848,75.54,22,0,4.61,clear sky
682,Ola,RU,59.5833,151.2833,-3.95,85,98,5.44,overcast clouds
683,Xinyu,CN,27.8043,114.9334,45.54,87,100,4.85,light rain
684,Jacareacanga,BR,-6.2222,-57.7528,71.35,99,96,0.6,overcast clouds
685,Mormugao,IN,15.4,73.8,87.06,40,34,9.22,scattered clouds
686,Bibiani,GH,6.4635,-2.3194,83.8,61,74,3.49,broken clouds
687,Malazgirt,TR,39.1427,42.5401,20.95,87,52,0.92,broken clouds
688,Fort-Shevchenko,KZ,44.5086,50.263,43.25,82,99,12.01,overcast clouds
689,San Juan,AR,-31.5375,-68.5364,62.19,71,100,10.0,overcast clouds
690,Apucarana,BR,-23.5508,-51.4608,60.93,90,0,6.53,clear sky
691,Ivanteyevka,RU,55.9711,37.9208,32.34,88,100,10.56,overcast clouds
692,Raymond,US,43.9015,-70.4703,44.42,78,99,8.68,overcast clouds
693,Zwiesel,DE,49.0167,13.2333,35.11,87,16,1.99,few clouds
694,Blythe,US,33.6103,-114.5964,66.65,15,0,6.91,clear sky
695,Camacupa,AO,-12.0167,17.4833,77.34,49,100,2.35,overcast clouds
696,Senador Jose Porfirio,BR,-2.5908,-51.9542,72.32,97,94,2.95,overcast clouds
697,Vredendal,ZA,-31.6683,18.5012,87.03,35,88,8.77,overcast clouds
698,Ilhabela,BR,-23.7781,-45.3581,73.99,87,92,2.04,overcast clouds
699,Pafos,CY,34.7667,32.4167,62.51,63,0,6.91,clear sky
700,Natal,BR,-5.795,-35.2094,77.65,100,75,4.61,broken clouds
701,Dunedin,NZ,-45.8742,170.5036,54.81,75,100,10.0,overcast clouds
702,Manggar,ID,-2.8833,108.2667,83.43,71,87,9.17,overcast clouds
703,Fonte Boa,BR,-2.4959,-66.2662,71.96,98,100,1.81,overcast clouds
